Name,Size,Unit,MRP,Price,Brand_Name,Rating,Num_Rating,Benefit_area,Url
ADEL 1 Apo-Dolor Drop,20,ml,295,259,ADEL,4.699999809,31,ear,/otc/adel-1-apo-dolor-drop-otc326144
ADEL 14 Ferrodona Drop,20,ml,295,231,ADEL,4.599999905,18,blood,/otc/adel-14-ferrodona-drop-otc326106
ADEL 16 Gastul Drop,20,ml,295,246,ADEL,4.699999809,25,liver,/otc/adel-16-gastul-drop-otc327732
ADEL 17 Glautaract Drop,20,ml,295,246,ADEL,4.599999905,74,eye,/otc/adel-17-glautaract-drop-otc326103
ADEL 18 Glucorect Drop,20,ml,295,246,ADEL,4.400000095,75,blood,/otc/adel-18-glucorect-drop-otc327731
ADEL 21 Proscenat Drop,20,ml,295,246,ADEL,4.5,47,hair,/otc/adel-21-proscenat-drop-otc326098
ADEL 28 Plevent Drop,20,ml,295,259,ADEL,4.599999905,74,ear,/otc/adel-28-plevent-drop-otc326092
ADEL 32 Opsonat Drop,20,ml,295,260,ADEL,0,0,skin,/otc/adel-32-opsonat-drop-otc326087
ADEL 33 Apo-Oedem Drop,20,ml,295,228,ADEL,4.599999905,17,ear,/otc/adel-33-apo-oedem-drop-otc327728
ADEL 36 Pollon Drop,20,ml,295,248,ADEL,4.199999809,83,blood,/otc/adel-36-pollon-drop-otc325883
ADEL 43 Cardinorma Drop,20,ml,295,243,ADEL,4.599999905,8,ear,/otc/adel-43-cardinorma-drop-otc327725
ADEL 44 Venorbis Drop,20,ml,295,255,ADEL,4.400000095,40,ear,/otc/adel-44-venorbis-drop-otc326083
ADEL 5 Apo-Stom Drop,20,ml,295,243,ADEL,4.400000095,52,ear,/otc/adel-5-apo-stom-drop-otc326118
ADEL 51 Psy-Stabil Drop,20,ml,295,259,ADEL,4.400000095,69,ear,/otc/adel-51-psy-stabil-drop-otc327724
ADEL 6 Apo-Strum Drop,20,ml,295,259,ADEL,4.5,54,thyroid,/otc/adel-6-apo-strum-drop-otc326117
ADEL 66 Toxex Drop,20,ml,295,246,ADEL,4.5,76,liver,/otc/adel-66-toxex-drop-otc326069
ADEL 73 Mucan Drop,20,ml,295,246,ADEL,4,24,ear,/otc/adel-73-mucan-drop-otc326062
ADEL 78 Dercut Ointment,35,gm,510,459,ADEL,3.900000095,18,skin,/otc/adel-78-dercut-ointment-otc326056
ADEL 79 Ferrodona Tonic,250,ml,860,774,ADEL,4.699999809,22,blood,/otc/adel-79-ferrodona-tonic-otc327719
ADEL 83 Bronchi-Pertu Syrup,150,ml,485,389,ADEL,4.300000191,33,eye,/otc/adel-83-bronchi-pertu-syrup-otc326054
ADEL 86 Verintex N External Drop,20,ml,295,238,ADEL,0,0,skin,/otc/adel-86-verintex-n-external-drop-otc326149
ADEL 9 Cri-Regen Drop,20,ml,295,246,ADEL,4.199999809,51,hair,/otc/adel-9-cri-regen-drop-otc326114
ADEL Acid Fluor Dilution 200,10,ml,165,141,ADEL,4.400000095,11,blood,/otc/adel-acid-fluor-dilution-200-otc332656
ADEL Acid Phos Mother Tincture Q,20,ml,270,243,ADEL,4.400000095,20,hair,/otc/adel-acid-phos-mother-tincture-q-otc327070
ADEL Arnica Montana Mother Tincture Q,20,ml,300,270,ADEL,0,0,eye,/otc/adel-arnica-montana-mother-tincture-q-otc328792
ADEL Ars. Sulf Rub. Trituration Tablet 3X,20,gm,280,252,ADEL,0,0,ear,/otc/adel-ars.-sulf-rub.-trituration-tablet-3x-otc327087
ADEL Aspidosperma Mother Tincture Q,20,ml,340,306,ADEL,0,0,blood,/otc/adel-aspidosperma-mother-tincture-q-otc327038
ADEL Berberis Vulg Mother Tincture Q,20,ml,270,243,ADEL,4.599999905,30,skin,/otc/adel-berberis-vulg-mother-tincture-q-otc328879
ADEL Calcarea Fluor Biochemic Tablet 12X,20,gm,180,162,ADEL,4.5,14,thyroid,/otc/adel-calcarea-fluor-biochemic-tablet-12x-otc732623
ADEL Calcarea Fluor Biochemic Tablet 6X,20,gm,180,162,ADEL,4.5,14,thyroid,/otc/adel-calcarea-fluor-biochemic-tablet-6x-otc326300
ADEL Carduus Mar. Mother Tincture Q,20,ml,270,243,ADEL,0,0,eye,/otc/adel-carduus-mar.-mother-tincture-q-otc724033
ADEL Chimaphila Mother Tincture Q,20,ml,300,270,ADEL,5,5,skin,/otc/adel-chimaphila-mother-tincture-q-otc327709
ADEL China Officinalis Mother Tincture Q,20,ml,270,243,ADEL,5,9,liver,/otc/adel-china-officinalis-mother-tincture-q-otc327708
ADEL Cholesterinum Trituration Tablet 3X,20,gm,260,234,ADEL,4.800000191,5,liver,/otc/adel-cholesterinum-trituration-tablet-3x-otc329078
ADEL Crataegus Mother Tincture Q,20,ml,270,243,ADEL,4.199999809,5,skin,/otc/adel-crataegus-mother-tincture-q-otc328822
ADEL Damiana Mother Tincture Q,20,ml,270,243,ADEL,4,5,stomach,/otc/adel-damiana-mother-tincture-q-otc327698
ADEL Echinacea Mother Tincture Q,20,ml,270,243,ADEL,4.300000191,12,ear,/otc/adel-echinacea-mother-tincture-q-otc327692
ADEL Ferrum Mur Trituration Tablet 3X,20,gm,260,234,ADEL,0,0,blood,/otc/adel-ferrum-mur-trituration-tablet-3x-otc757911
ADEL Gymnema Sylvestris Mother Tincture Q,20,ml,270,243,ADEL,0,0,liver,/otc/adel-gymnema-sylvestris-mother-tincture-q-otc327638
ADEL Hamamelis Virginiana Mother Tincture Q,20,ml,300,270,ADEL,4.599999905,5,blood,/otc/adel-hamamelis-virginiana-mother-tincture-q-otc328779
ADEL Magnesium Phosphoricum Biochemic Tablet 6X,20,gm,180,162,ADEL,0,0,stomach,/otc/adel-magnesium-phosphoricum-biochemic-tablet-6x-otc732699
ADEL Scutellaria Mother Tincture Q,20,ml,340,306,ADEL,0,0,eye,/otc/adel-scutellaria-mother-tincture-q-otc327310
ADEL Thiosinaminum Trituration Tablet 3X,20,gm,280,252,ADEL,0,0,ear,/otc/adel-thiosinaminum-trituration-tablet-3x-otc329090
ADEL Thuja Mother Tincture Q,20,ml,270,243,ADEL,4.599999905,5,skin,/otc/adel-thuja-mother-tincture-q-otc328826
Adven A-124 Liver & Gallbladder Drop,30,ml,170,147,Adven,0,0,liver,/otc/adven-a-124-liver-gallbladder-drop-otc517116
Adven Rolfia Tablet,25,gm,140,115,Adven,0,0,ear,/otc/adven-rolfia-tablet-otc328953
Allen A02 Anti Fungal Drop,30,ml,160,135,Allen,4.199999809,28,skin,/otc/allen-a02-anti-fungal-drop-otc330447
Allen A04 Blood Purifier Drop,30,ml,160,133,Allen,0,0,skin,/otc/allen-a04-blood-purifier-drop-otc330354
Allen A08 Diabetes Drop,30,ml,170,143,Allen,4.099999905,24,skin,/otc/allen-a08-diabetes-drop-otc330371
Allen A11 Eczema Drop,30,ml,170,145,Allen,4.099999905,11,skin,/otc/allen-a11-eczema-drop-otc330446
Allen A19 Joint Pains Drop,30,ml,160,135,Allen,4.400000095,19,ear,/otc/allen-a19-joint-pains-drop-otc330404
Allen A26 Piles Drop,30,ml,160,135,Allen,4.199999809,35,blood,/otc/allen-a26-piles-drop-otc330467
Allen A27 Psoriasis Drop,30,ml,170,141,Allen,4.300000191,15,skin,/otc/allen-a27-psoriasis-drop-otc330443
Allen A28 Rheumatism Drop,30,ml,160,133,Allen,4.400000095,7,ear,/otc/allen-a28-rheumatism-drop-otc330402
Allen A31 Warts Drop,30,ml,170,141,Allen,3.900000095,17,eye,/otc/allen-a31-warts-drop-otc330451
Allen A34 Acne Drop,30,ml,160,133,Allen,0,0,skin,/otc/allen-a34-acne-drop-otc330450
Allen A35 Asthma Drop,30,ml,160,133,Allen,4.199999809,6,nose,/otc/allen-a35-asthma-drop-otc330430
Allen A39 Anti Obesity Drop,30,ml,170,141,Allen,4.199999809,21,thyroid,/otc/allen-a39-anti-obesity-drop-otc330369
Allen A46 Anti Dandruff Drop,30,ml,170,145,Allen,0,0,hair,/otc/allen-a46-anti-dandruff-drop-otc330333
Allen A47 Throat Infection Drop,30,ml,170,153,Allen,4.5,13,ear,/otc/allen-a47-throat-infection-drop-otc330429
Allen A48 Spondylytis Drop,30,ml,175,137,Allen,0,0,ear,/otc/allen-a48-spondylytis-drop-otc330406
Allen A50 H.B.P (High Blood Pressure) Drop,30,ml,160,128,Allen,4.199999809,17,ear,/otc/allen-a50-h.b.p-high-blood-pressure-drop-otc330347
Allen A59 Tumour Drop,30,ml,170,141,Allen,4.300000191,8,skin,/otc/allen-a59-tumour-drop-otc330275
Allen A82 Premature Greying Of Hair Drop,30,ml,170,142,Allen,3.599999905,43,hair,/otc/allen-a82-premature-greying-of-hair-drop-otc330331
Allen A87 Creatinine & Blood Urea Drop,30,ml,170,143,Allen,4.599999905,63,kidney,/otc/allen-a87-creatinine-blood-urea-drop-otc330464
Allen Crack Care Cream,25,gm,90,75,Allen,4.400000095,14,skin,/otc/allen-crack-care-cream-otc330460
Allen Fair Touch Cream,25,gm,90,74,Allen,4.5,15,skin,/otc/allen-fair-touch-cream-otc330456
Allen Jaborandi Gold Oil,110,ml,100,90,Allen,3.700000048,11,hair,/otc/allen-jaborandi-gold-oil-otc330335
Allen Laxocid Tablet,25,gm,160,133,Allen,4.5,6,stomach,/otc/allen-laxocid-tablet-otc330232
Allen Orthotone Tablet,25,gm,160,133,Allen,5,6,ear,/otc/allen-orthotone-tablet-otc330410
Allen Snorid Drop,30,ml,160,110,Allen,4.099999905,41,ear,/otc/allen-snorid-drop-otc330383
Allen's Arnica Montana Hair Oil,100,ml,130,117,Allen's,4.300000191,18,hair,/otc/allen-s-arnica-montana-hair-oil-otc392973
Allen's Gastrin Syrup,110,ml,100,82,Allen's,4.800000191,5,ear,/otc/allen-s-gastrin-syrup-otc399600
Bahola Eye Bright Eye Drop,10,ml,85,73,Bahola,0,0,nose,/otc/bahola-eye-bright-eye-drop-otc388681
Bakson B16 Vertigo Drop,30,ml,175,144,Bakson,4.400000095,27,legs,/otc/bakson-b16-vertigo-drop-otc388047
Bakson B19 Colic Drop,30,ml,175,147,Bakson,0,0,liver,/otc/bakson-b19-colic-drop-otc388053
Bakson B22 Sinus Drop,30,ml,175,136,Bakson,4.400000095,67,face,/otc/bakson-b22-sinus-drop-otc388057
Bakson B25 Acne Drop,30,ml,175,155,Bakson,3.900000095,11,skin,/otc/bakson-b25-acne-drop-otc388065
Bakson B28 Weight Drop,30,ml,175,137,Bakson,4.199999809,26,bone,/otc/bakson-b28-weight-drop-otc388070
Bakson B32 Lax-N-Liv Drop,30,ml,175,125,Bakson,4.400000095,9,ear,/otc/bakson-b32-lax-n-liv-drop-otc388079
Bakson B34 Tumour Drop,30,ml,175,142,Bakson,4.800000191,6,liver,/otc/bakson-b34-tumour-drop-otc388083
Bakson B36 Endocrine Male Drop,30,ml,160,137,Bakson,4.800000191,6,thyroid,/otc/bakson-b36-endocrine-male-drop-otc388085
Bakson B43 Hyper Hydrosis Drop,30,ml,175,141,Bakson,0,0,hand,/otc/bakson-b43-hyper-hydrosis-drop-otc388093
Bakson B44 Convulsion Drop,30,ml,175,154,Bakson,0,0,ear,/otc/bakson-b44-convulsion-drop-otc388094
Bakson B5 Gold Drop,30,ml,160,137,Bakson,0,0,blood,/otc/bakson-b5-gold-drop-otc388000
Bakson B64 Dermato Drop,30,ml,175,130,Bakson,0,0,skin,/otc/bakson-b64-dermato-drop-otc388119
Bakson B69 Sciatica Drop,30,ml,175,147,Bakson,4.400000095,64,legs,/otc/bakson-b69-sciatica-drop-otc388126
Bakson's Acne Aid Tablet,75,tablets,200,172,Bakson's,3.799999952,5,skin,/otc/bakson-s-acne-aid-tablet-otc659535
Bakson's Aconitum Napellus Dilution 30 CH,30,ml,100,57,Bakson's,3.900000095,18,eye,/otc/bakson-s-aconitum-napellus-dilution-30-ch-otc602482
Bakson's Aesculus Ointment,25,gm,70,57,Bakson's,4.099999905,23,blood,/otc/bakson-s-aesculus-ointment-otc326100
Bakson's Aller Aid Tablet,200,tablets,460,387,Bakson's,4.400000095,264,ear,/otc/bakson-s-aller-aid-tablet-otc326090
Bakson's Aller Aid Tablet,200,tablets,460,387,Bakson's,4.400000095,264,ear,/otc/bakson-s-aller-aid-tablet-otc326090
Bakson's Aller Aid Tablet,200,tablets,460,387,Bakson's,4.400000095,264,ear,/otc/bakson-s-aller-aid-tablet-otc326090
Bakson's Aller Aid Tablet,200,tablets,460,387,Bakson's,4.400000095,264,ear,/otc/bakson-s-aller-aid-tablet-otc326090
Bakson's Aller Aid Tablet,75,tablets,215,177,Bakson's,4.400000095,264,ear,/otc/bakson-s-aller-aid-tablet-otc388848
Bakson's Aller Aid Tablet,75,tablets,215,177,Bakson's,4.400000095,264,ear,/otc/bakson-s-aller-aid-tablet-otc388848
Bakson's Aller Aid Tablet,75,tablets,215,177,Bakson's,4.400000095,264,ear,/otc/bakson-s-aller-aid-tablet-otc388848
Bakson's Aller Aid Tablet,75,tablets,215,177,Bakson's,4.400000095,264,ear,/otc/bakson-s-aller-aid-tablet-otc388848
Bakson's Aloevera Calendula Cream,250,gm,290,247,Bakson's,4.599999905,153,skin,/otc/bakson-s-aloevera-calendula-cream-otc325908
Bakson's Apis Mellifica Ointment,25,gm,70,57,Bakson's,4.800000191,5,skin,/otc/bakson-s-apis-mellifica-ointment-otc327261
Bakson's Arnica Ointment,25,gm,70,57,Bakson's,4.599999905,9,ear,/otc/bakson-s-arnica-ointment-otc327265
Bakson's Arnica Shampoo,250,ml,215,180,Bakson's,4.5,88,hair,/otc/bakson-s-arnica-shampoo-otc400756
Bakson's Baksoint 9 Cream,25,gm,70,61,Bakson's,4.300000191,16,skin,/otc/bakson-s-baksoint-9-cream-otc327246
Bakson's Beepee Aid Drop,30,ml,160,128,Bakson's,4.5,30,blood,/otc/bakson-s-beepee-aid-drop-otc326088
Bakson's Biocombination 24 Tablet,250,biocombination,95,85,Bakson's,0,0,blood,/otc/bakson-s-biocombination-24-tablet-otc694719
Bakson's Body Oil,100,ml,120,107,Bakson's,0,0,skin,/otc/bakson-s-body-oil-otc400474
Bakson's Bouchi Oil,100,ml,240,206,Bakson's,4.099999905,16,skin,/otc/bakson-s-bouchi-oil-otc480207
Bakson's Calci Aid Tablet,75,tablets,200,153,Bakson's,4.300000191,23,bone,/otc/bakson-s-calci-aid-tablet-otc327082
Bakson's Chrysarobinum Ointment,25,gm,70,62,Bakson's,4.699999809,37,skin,/otc/bakson-s-chrysarobinum-ointment-otc326024
Bakson's Cream Bleach,30,gm,120,100,Bakson's,2.599999905,5,eye,/otc/bakson-s-cream-bleach-otc326219
"Bakson's Face Scrub with Aloevera, Cucumber & Papaya",125,gm,140,121,Bakson's,4.199999809,9,skin,/otc/bakson-s-face-scrub-with-aloevera-cucumber-papaya-otc400479
Bakson's Hair Aid Drop Dual Pack (30ml Each),2,bottles,215,136,Bakson's,4.400000095,16,hair,/otc/bakson-s-hair-aid-drop-dual-pack-30ml-each-otc326071
Bakson's Hair Color Dark Brown Sachet,1,Sachet,50,43,Bakson's,4.199999809,99,hair,/otc/bakson-s-hair-color-dark-brown-sachet-otc499063
Bakson's Hair Serum,100,ml,410,369,Bakson's,0,0,hair,/otc/bakson-s-hair-serum-otc503102
Bakson's Homoeopathic Formula 'D' Tablet,200,tablets,460,324,Bakson's,4,160,skin,/otc/bakson-s-homoeopathic-formula-d-tablet-otc502827
Bakson's Homoeopathic Formula 'D' Tablet,200,tablets,460,324,Bakson's,4,160,skin,/otc/bakson-s-homoeopathic-formula-d-tablet-otc502827
Bakson's Homoeopathic Formula 'D' Tablet,200,tablets,460,324,Bakson's,4,160,skin,/otc/bakson-s-homoeopathic-formula-d-tablet-otc502827
Bakson's Homoeopathic Formula 'D' Tablet,200,tablets,460,324,Bakson's,4,160,skin,/otc/bakson-s-homoeopathic-formula-d-tablet-otc502827
Bakson's Homoeopathic Formula 'D' Tablet,75,tablets,215,181,Bakson's,4,160,skin,/otc/bakson-s-homoeopathic-formula-d-tablet-otc358328
Bakson's Homoeopathic Formula 'D' Tablet,75,tablets,215,181,Bakson's,4,160,skin,/otc/bakson-s-homoeopathic-formula-d-tablet-otc358328
Bakson's Homoeopathic Formula 'D' Tablet,75,tablets,215,181,Bakson's,4,160,skin,/otc/bakson-s-homoeopathic-formula-d-tablet-otc358328
Bakson's Homoeopathic Formula 'D' Tablet,75,tablets,215,181,Bakson's,4,160,skin,/otc/bakson-s-homoeopathic-formula-d-tablet-otc358328
Bakson's Kof Aid Cough Syrup,450,ml,260,195,Bakson's,4.599999905,50,nose,/otc/bakson-s-kof-aid-cough-syrup-otc502844
Bakson's Mig Aid Tablet,75,tablets,200,174,Bakson's,4.699999809,26,eye,/otc/bakson-s-mig-aid-tablet-otc327318
Bakson's Mud Pack,150,gm,190,167,Bakson's,0,0,skin,/otc/bakson-s-mud-pack-otc400482
Bakson's Natrum Muriaticum Biochemic Tablet 12X,4500,biochemic,655,589,Bakson's,0,0,blood,/otc/bakson-s-natrum-muriaticum-biochemic-tablet-12x-otc695228
Bakson's Natrum Muriaticum Biochemic Tablet 30X,250,biochemic,95,85,Bakson's,0,0,blood,/otc/bakson-s-natrum-muriaticum-biochemic-tablet-30x-otc695229
Bakson's Natrum Sulphuricum Biochemic Tablet 30X,4500,biochemic,655,589,Bakson's,4.599999905,16,liver,/otc/bakson-s-natrum-sulphuricum-biochemic-tablet-30x-otc695560
Bakson's Phytolacca Berry Tablet,200,tablets,460,355,Bakson's,4,11,blood,/otc/bakson-s-phytolacca-berry-tablet-otc502895
Bakson's Phytolacca Berry Tablet,200,tablets,460,355,Bakson's,4,11,blood,/otc/bakson-s-phytolacca-berry-tablet-otc502895
Bakson's Phytolacca Berry Tablet,200,tablets,460,355,Bakson's,4,11,blood,/otc/bakson-s-phytolacca-berry-tablet-otc502895
Bakson's Phytolacca Berry Tablet,200,tablets,460,355,Bakson's,4,11,blood,/otc/bakson-s-phytolacca-berry-tablet-otc502895
Bakson's Phytolacca Berry Tablet,75,tablets,200,159,Bakson's,4,11,blood,/otc/bakson-s-phytolacca-berry-tablet-otc502894
Bakson's Phytolacca Berry Tablet,75,tablets,200,159,Bakson's,4,11,blood,/otc/bakson-s-phytolacca-berry-tablet-otc502894
Bakson's Phytolacca Berry Tablet,75,tablets,200,159,Bakson's,4,11,blood,/otc/bakson-s-phytolacca-berry-tablet-otc502894
Bakson's Phytolacca Berry Tablet,75,tablets,200,159,Bakson's,4,11,blood,/otc/bakson-s-phytolacca-berry-tablet-otc502894
Bakson's Sulphur Ointment,25,gm,70,57,Bakson's,4.400000095,17,skin,/otc/bakson-s-sulphur-ointment-otc327238
"Bakson's Sunny Herbals Face Wash Gel with Aloevera, Calendula and Tea Tree Oil",100,gm,165,142,Bakson's,3.900000095,39,skin,/otc/bakson-s-sunny-herbals-face-wash-gel-with-aloevera-calendula-and-tea-tree-oil-otc373354
Bakson's Throat Aid Tablet,200,tablets,460,374,Bakson's,4.300000191,217,ear,/otc/bakson-s-throat-aid-tablet-otc502934
Bakson's Throat Aid Tablet,200,tablets,460,374,Bakson's,4.300000191,217,ear,/otc/bakson-s-throat-aid-tablet-otc502934
Bakson's Throat Aid Tablet,200,tablets,460,374,Bakson's,4.300000191,217,ear,/otc/bakson-s-throat-aid-tablet-otc502934
Bakson's Throat Aid Tablet,200,tablets,460,374,Bakson's,4.300000191,217,ear,/otc/bakson-s-throat-aid-tablet-otc502934
Bakson's Throat Aid Tablet,75,tablets,215,183,Bakson's,4.300000191,217,ear,/otc/bakson-s-throat-aid-tablet-otc325990
Bakson's Throat Aid Tablet,75,tablets,215,183,Bakson's,4.300000191,217,ear,/otc/bakson-s-throat-aid-tablet-otc325990
Bakson's Throat Aid Tablet,75,tablets,215,183,Bakson's,4.300000191,217,ear,/otc/bakson-s-throat-aid-tablet-otc325990
Bakson's Throat Aid Tablet,75,tablets,215,183,Bakson's,4.300000191,217,ear,/otc/bakson-s-throat-aid-tablet-otc325990
Bakson's Vitamin D Plus Tablet,30,tablets,160,141,Bakson's,4.599999905,103,bone,/otc/bakson-s-vitamin-d-plus-tablet-otc513616
Bakson's Wart Aid Tablet,75,tablets,215,187,Bakson's,4,20,eye,/otc/bakson-s-wart-aid-tablet-otc326041
Bakson's Worm-C Tablet,75,tablets,200,176,Bakson's,0,0,nose,/otc/bakson-s-worm-c-tablet-otc659544
Bhargava Sinin Drop,30,ml,166,140,Bhargava,4.599999905,5,nose,/otc/bhargava-sinin-drop-otc328755
Bhargava Tumorin Drop,30,ml,166,149,Bhargava,4.400000095,51,thyroid,/otc/bhargava-tumorin-drop-otc327451
Bio India Complex 10 Sleeping Drop,30,ml,150,131,Bio,4.699999809,6,blood,/otc/bio-india-complex-10-sleeping-drop-otc505363
Bjain Aspidosperma Quebracho Mother Tincture Q,100,ml,460,264,Bjain,4.199999809,29,blood,/otc/bjain-aspidosperma-quebracho-mother-tincture-q-otc444422
Bjain Belladonna Globules 30 CH,6,gm,85,55,Bjain,4.300000191,9,skin,/otc/bjain-belladonna-globules-30-ch-otc442271
Bjain Berberis Aquifolium Mother Tincture Q,100,ml,480,432,Bjain,4.400000095,15,eye,/otc/bjain-berberis-aquifolium-mother-tincture-q-otc444630
Bjain Bryonia Alba Dilution 200 CH,100,ml,185,159,Bjain,4.599999905,33,stomach,/otc/bjain-bryonia-alba-dilution-200-ch-otc436083
Bjain Ceanothus Americanus Mother Tincture Q,100,ml,650,562,Bjain,3.599999905,5,liver,/otc/bjain-ceanothus-americanus-mother-tincture-q-otc445313
Bjain Chionanthus Virginica Mother Tincture Q,100,ml,930,810,Bjain,0,0,liver,/otc/bjain-chionanthus-virginica-mother-tincture-q-otc445366
Bjain Ginkgo Biloba Trituration Tablet 1X,25,gm,305,274,Bjain,0,0,skin,/otc/bjain-ginkgo-biloba-trituration-tablet-1x-otc484361
Bjain Guatteria Gaumeri Drop,30,ml,345,283,Bjain,4.599999905,119,blood,/otc/bjain-guatteria-gaumeri-drop-otc327159
Bjain Jaborandi Mother Tincture Q,100,ml,330,277,Bjain,4.599999905,34,hair,/otc/bjain-jaborandi-mother-tincture-q-otc445151
Bjain Omeo Alfa Alfa Malt Energy Booster,450,gm,310,276,Bjain,4.400000095,12,skin,/otc/bjain-omeo-alfa-alfa-malt-energy-booster-otc425843
Bjain Omeo Allergy Tablet,450,gm,750,653,Bjain,4.300000191,29,eye,/otc/bjain-omeo-allergy-tablet-otc425860
Bjain Omeo Calcium Tablet,450,gm,750,653,Bjain,4.400000095,14,bone,/otc/bjain-omeo-calcium-tablet-otc425902
Bjain Omeo Piles Tablet,450,gm,750,638,Bjain,0,0,blood,/otc/bjain-omeo-piles-tablet-otc426063
Bjain Syzygium Jambolanum Mother Tincture Q,100,ml,185,156,Bjain,4.699999809,121,skin,/otc/bjain-syzygium-jambolanum-mother-tincture-q-otc329100
Bjain Yohimbinum Dilution 3X,30,ml,120,98,Bjain,4.099999905,9,liver,/otc/bjain-yohimbinum-dilution-3x-otc428607
Boericke and Tafel Anti-Dandruff Shampoo,150,ml,145,106,Boericke,4.199999809,89,hair,/otc/boericke-and-tafel-anti-dandruff-shampoo-otc388285
Boiron Arsenicum Album Pellets 30C,80,pellets,170,153,Boiron,4.900000095,16,skin,/otc/boiron-arsenicum-album-pellets-30c-otc407277
Boiron Bacillus Coli (Colibacillinum) Pellets 30C,80,pellets,170,146,Boiron,0,0,stomach,/otc/boiron-bacillus-coli-colibacillinum-pellets-30c-otc645397
Dr Batra's Dandruff Cleansing Shampoo,200,ml,219,136,Dr,4.300000191,19,hair,/otc/dr-batra-s-dandruff-cleansing-shampoo-otc432875
Dr Batra's Dandruff Cleansing Shampoo,200,ml,219,136,Dr,4.300000191,19,hair,/otc/dr-batra-s-dandruff-cleansing-shampoo-otc432875
Dr Batra's Dandruff Cleansing Shampoo,200,ml,219,136,Dr,4.300000191,19,hair,/otc/dr-batra-s-dandruff-cleansing-shampoo-otc432875
Dr Batra's Dandruff Cleansing Shampoo,200,ml,219,136,Dr,4.300000191,19,hair,/otc/dr-batra-s-dandruff-cleansing-shampoo-otc432875
Dr Batra's Dandruff Cleansing Shampoo,500,ml,499,315,Dr,4.300000191,19,hair,/otc/dr-batra-s-dandruff-cleansing-shampoo-otc432876
Dr Batra's Dandruff Cleansing Shampoo,500,ml,499,315,Dr,4.300000191,19,hair,/otc/dr-batra-s-dandruff-cleansing-shampoo-otc432876
Dr Batra's Dandruff Cleansing Shampoo,500,ml,499,315,Dr,4.300000191,19,hair,/otc/dr-batra-s-dandruff-cleansing-shampoo-otc432876
Dr Batra's Dandruff Cleansing Shampoo,500,ml,499,315,Dr,4.300000191,19,hair,/otc/dr-batra-s-dandruff-cleansing-shampoo-otc432876
Dr Batra's Hair Fall Control Serum,125,ml,699,524,Dr,4.199999809,5,hair,/otc/dr-batra-s-hair-fall-control-serum-otc375462
Dr Batra's Hair Fall Control Serum,125,ml,699,524,Dr,4.199999809,5,hair,/otc/dr-batra-s-hair-fall-control-serum-otc375462
Dr Batra's Hair Fall Control Serum,130,ml,699,405,Dr,4.199999809,5,hair,/otc/dr-batra-s-hair-fall-control-serum-otc665490
Dr Batra's Hair Fall Control Serum,130,ml,699,405,Dr,4.199999809,5,hair,/otc/dr-batra-s-hair-fall-control-serum-otc665490
Dr Batra's Hair Fall Control Shampoo,200,ml,279,209,Dr,4.400000095,7,hair,/otc/dr-batra-s-hair-fall-control-shampoo-otc432880
Dr Batra's Hair Gel Wet Look Enriched with Thuja,100,gm,125,78,Dr,0,0,hair,/otc/dr-batra-s-hair-gel-wet-look-enriched-with-thuja-otc326156
Dr Batra's Herbal Hair Color Cream Brown,130,gm,999,635,Dr,4.800000191,5,hair,/otc/dr-batra-s-herbal-hair-color-cream-brown-otc506159
Dr Batra's Instant Hair Natural Keratin Hair Building Fibre Black,12,gm,1899,1158,Dr,0,0,hair,/otc/dr-batra-s-instant-hair-natural-keratin-hair-building-fibre-black-otc432955
Dr. Raj Vigoraj Oil,30,ml,290,261,Dr,4.199999809,5,blood,/otc/dr.-raj-vigoraj-oil-otc549386
Essentia Aurea Gold Drop,30,ml,190,158,Essentia,4.400000095,189,ear,/otc/essentia-aurea-gold-drop-otc326134
Fourrts Douglas Cream,125,gm,300,270,Fourrts,4.099999905,12,skin,/otc/fourrts-douglas-cream-otc477495
Fourrts Senadryl Drop,30,ml,165,140,Fourrts,0,0,eye,/otc/fourrts-senadryl-drop-otc617689
German's Fairness Drop,30,ml,160,120,German's,3.299999952,8,skin,/otc/german-s-fairness-drop-otc649928
Hapdco B.Ve. Phos Children Tonic,200,ml,190,155,Hapdco,4.5,59,liver,/otc/hapdco-b.ve.-phos-children-tonic-otc357524
Hapdco B.Ve. Phos Children Tonic,200,ml,190,155,Hapdco,4.5,59,liver,/otc/hapdco-b.ve.-phos-children-tonic-otc357524
Hapdco B.Ve. Phos Children Tonic,200,ml,190,155,Hapdco,4.5,59,liver,/otc/hapdco-b.ve.-phos-children-tonic-otc357524
Hapdco B.Ve. Phos Children Tonic,200,ml,190,155,Hapdco,4.5,59,liver,/otc/hapdco-b.ve.-phos-children-tonic-otc357524
Hapdco B.Ve. Phos Children Tonic,200,ml,190,155,Hapdco,4.5,59,liver,/otc/hapdco-b.ve.-phos-children-tonic-otc357524
Hapdco B.Ve. Phos Children Tonic,200,ml,190,155,Hapdco,4.5,59,liver,/otc/hapdco-b.ve.-phos-children-tonic-otc357524
Hapdco B.Ve. Phos Children Tonic,200,ml,190,155,Hapdco,4.5,59,liver,/otc/hapdco-b.ve.-phos-children-tonic-otc357524
Hapdco B.Ve. Phos Children Tonic,200,ml,190,155,Hapdco,4.5,59,liver,/otc/hapdco-b.ve.-phos-children-tonic-otc357524
Hapdco B.Ve. Phos Children Tonic,200,ml,190,155,Hapdco,4.5,59,liver,/otc/hapdco-b.ve.-phos-children-tonic-otc357524
Hapdco B.Ve. Phos Children Tonic,450,ml,310,263,Hapdco,4.5,59,liver,/otc/hapdco-b.ve.-phos-children-tonic-otc386091
Hapdco B.Ve. Phos Children Tonic,450,ml,310,263,Hapdco,4.5,59,liver,/otc/hapdco-b.ve.-phos-children-tonic-otc386091
Hapdco B.Ve. Phos Children Tonic,450,ml,310,263,Hapdco,4.5,59,liver,/otc/hapdco-b.ve.-phos-children-tonic-otc386091
Hapdco B.Ve. Phos Children Tonic,450,ml,310,263,Hapdco,4.5,59,liver,/otc/hapdco-b.ve.-phos-children-tonic-otc386091
Hapdco B.Ve. Phos Children Tonic,450,ml,310,263,Hapdco,4.5,59,liver,/otc/hapdco-b.ve.-phos-children-tonic-otc386091
Hapdco B.Ve. Phos Children Tonic,450,ml,310,263,Hapdco,4.5,59,liver,/otc/hapdco-b.ve.-phos-children-tonic-otc386091
Hapdco B.Ve. Phos Children Tonic,450,ml,310,263,Hapdco,4.5,59,liver,/otc/hapdco-b.ve.-phos-children-tonic-otc386091
Hapdco B.Ve. Phos Children Tonic,450,ml,310,263,Hapdco,4.5,59,liver,/otc/hapdco-b.ve.-phos-children-tonic-otc386091
Hapdco B.Ve. Phos Children Tonic,450,ml,310,263,Hapdco,4.5,59,liver,/otc/hapdco-b.ve.-phos-children-tonic-otc386091
Hapdco B.Ve. Phos Children Tonic,60,ml,75,62,Hapdco,4.5,59,liver,/otc/hapdco-b.ve.-phos-children-tonic-otc357523
Hapdco B.Ve. Phos Children Tonic,60,ml,75,62,Hapdco,4.5,59,liver,/otc/hapdco-b.ve.-phos-children-tonic-otc357523
Hapdco B.Ve. Phos Children Tonic,60,ml,75,62,Hapdco,4.5,59,liver,/otc/hapdco-b.ve.-phos-children-tonic-otc357523
Hapdco B.Ve. Phos Children Tonic,60,ml,75,62,Hapdco,4.5,59,liver,/otc/hapdco-b.ve.-phos-children-tonic-otc357523
Hapdco B.Ve. Phos Children Tonic,60,ml,75,62,Hapdco,4.5,59,liver,/otc/hapdco-b.ve.-phos-children-tonic-otc357523
Hapdco B.Ve. Phos Children Tonic,60,ml,75,62,Hapdco,4.5,59,liver,/otc/hapdco-b.ve.-phos-children-tonic-otc357523
Hapdco B.Ve. Phos Children Tonic,60,ml,75,62,Hapdco,4.5,59,liver,/otc/hapdco-b.ve.-phos-children-tonic-otc357523
Hapdco B.Ve. Phos Children Tonic,60,ml,75,62,Hapdco,4.5,59,liver,/otc/hapdco-b.ve.-phos-children-tonic-otc357523
Hapdco B.Ve. Phos Children Tonic,60,ml,75,62,Hapdco,4.5,59,liver,/otc/hapdco-b.ve.-phos-children-tonic-otc357523
Hapdco Calendula Plus Lotion,50,ml,80,68,Hapdco,4.5,50,skin,/otc/hapdco-calendula-plus-lotion-otc386519
Hapdco Fairway Cream,25,gm,95,85,Hapdco,5,6,skin,/otc/hapdco-fairway-cream-otc357600
Hapdco Mensol Tonic,200,ml,200,178,Hapdco,4.400000095,72,ear,/otc/hapdco-mensol-tonic-otc357573
Hapdco Relaxomuv Ointment,25,gm,85,71,Hapdco,4.599999905,11,bone,/otc/hapdco-relaxomuv-ointment-otc357645
Haslab Drox 10 Filarin Drop,30,ml,156,125,Haslab,3.200000048,5,blood,/otc/haslab-drox-10-filarin-drop-otc339512
Haslab HC 67 Homolax Tablet,20,gm,75,60,Haslab,0,0,blood,/otc/haslab-hc-67-homolax-tablet-otc388242
Lord's Bio-Combination 20 Tablet,450,gm,695,590,Lord's,0,0,skin,/otc/lord-s-bio-combination-20-tablet-otc545492
Lord's Cratin Drop,30,ml,160,139,Lord's,4,21,ear,/otc/lord-s-cratin-drop-otc392875
Lord's Five Phos Biocombination Tablet 12X,450,gm,695,487,Lord's,4.699999809,42,ear,/otc/lord-s-five-phos-biocombination-tablet-12x-otc561381
Lord's Ginseng Tablet,40,tablets,110,99,Lord's,0,0,ear,/otc/lord-s-ginseng-tablet-otc711482
Lord's L 164 Sciatica Drop,30,ml,160,141,Lord's,4,7,bone,/otc/lord-s-l-164-sciatica-drop-otc449185
Lord's Mullein Oil Ear Drop,25,ml,90,74,Lord's,4.5,14,ear,/otc/lord-s-mullein-oil-ear-drop-otc392911
Lord's Pediclean Cream,50,gm,115,97,Lord's,0,0,skin,/otc/lord-s-pediclean-cream-otc392810
Lord's Stonil Tablet,40,tablets,115,82,Lord's,0,0,kidney,/otc/lord-s-stonil-tablet-otc545602
Lord's Thyroidinum Trituration Tablet 3X,25,gm,170,150,Lord's,4.300000191,6,thyroid,/otc/lord-s-thyroidinum-trituration-tablet-3x-otc561094
Lord's Tone Up Rejuvenator Tonic,180,ml,215,191,Lord's,3.099999905,8,ear,/otc/lord-s-tone-up-rejuvenator-tonic-otc392903
Lord's Yohimbinum Trituration Tablet 3X,450,gm,950,800,Lord's,3.799999952,25,ear,/otc/lord-s-yohimbinum-trituration-tablet-3x-otc561082
Lord's Yohimbinum Trituration Tablet 3X,450,gm,950,800,Lord's,3.799999952,25,ear,/otc/lord-s-yohimbinum-trituration-tablet-3x-otc561082
Lord's Yohimbinum Trituration Tablet 3X,450,gm,950,800,Lord's,3.799999952,25,ear,/otc/lord-s-yohimbinum-trituration-tablet-3x-otc561082
Lord's Yohimbinum Trituration Tablet 3X,450,gm,950,800,Lord's,3.799999952,25,ear,/otc/lord-s-yohimbinum-trituration-tablet-3x-otc561082
Lord's Yohimbinum Trituration Tablet 3X,25,gm,170,148,Lord's,3.799999952,25,ear,/otc/lord-s-yohimbinum-trituration-tablet-3x-otc561081
Lord's Yohimbinum Trituration Tablet 3X,25,gm,170,148,Lord's,3.799999952,25,ear,/otc/lord-s-yohimbinum-trituration-tablet-3x-otc561081
Lord's Yohimbinum Trituration Tablet 3X,25,gm,170,148,Lord's,3.799999952,25,ear,/otc/lord-s-yohimbinum-trituration-tablet-3x-otc561081
Lord's Yohimbinum Trituration Tablet 3X,25,gm,170,148,Lord's,3.799999952,25,ear,/otc/lord-s-yohimbinum-trituration-tablet-3x-otc561081
Medisynth Angio Card Gold Plus Drop,30,ml,175,133,Medisynth,3.799999952,5,ear,/otc/medisynth-angio-card-gold-plus-drop-otc339278
Medisynth Jondila Sugar Free Syrup,200,ml,170,143,Medisynth,4.5,104,liver,/otc/medisynth-jondila-sugar-free-syrup-otc339314
Medisynth Naturals Moonflower Kesar Mulethi Face Cream,50,gm,100,81,Medisynth,4.199999809,5,skin,/otc/medisynth-naturals-moonflower-kesar-mulethi-face-cream-otc525740
New Life NL-2 Blood Urea Creatinin Drop,30,ml,150,126,New,4.300000191,124,blood,/otc/new-life-nl-2-blood-urea-creatinin-drop-otc326171
New Life NL-4 Gall-B-Tone Drop,30,ml,150,135,New,4.800000191,18,skin,/otc/new-life-nl-4-gall-b-tone-drop-otc489178
Ralson Remedies Ralnofev Fever Control Drops,30,ml,155,138,Ralson,4.300000191,15,face,/otc/ralson-remedies-ralnofev-fever-control-drops-otc455831
REPL Dr. Advice No.70 Nodules Drop,30,ml,180,147,REPL,4.199999809,27,skin,/otc/repl-dr.-advice-no.70-nodules-drop-otc339407
Rxhomeo Aloe Socotrina Pellets 200C,750,pellets,95,83,Rxhomeo,0,0,ear,/otc/rxhomeo-aloe-socotrina-pellets-200c-otc640401
Rxhomeo Aloe Socotrina Pellets 30C,750,pellets,90,74,Rxhomeo,0,0,ear,/otc/rxhomeo-aloe-socotrina-pellets-30c-otc640399
Rxhomeo Arsenicum Album Pellets 200C,750,pellets,95,83,Rxhomeo,0,0,skin,/otc/rxhomeo-arsenicum-album-pellets-200c-otc640568
Rxhomeo Bryonia Alba Pellets 30C,750,pellets,90,74,Rxhomeo,0,0,ear,/otc/rxhomeo-bryonia-alba-pellets-30c-otc640841
Rxhomeo Carbo Vegetabilis Pellets 1M,750,pellets,115,102,Rxhomeo,0,0,skin,/otc/rxhomeo-carbo-vegetabilis-pellets-1m-otc640871
Rxhomeo Hepar Sulphuris Calcareum Pellets 30C,750,pellets,90,78,Rxhomeo,0,0,skin,/otc/rxhomeo-hepar-sulphuris-calcareum-pellets-30c-otc641011
Rxhomeo Rhus Toxicodendron Pellets 30C,750,pellets,90,74,Rxhomeo,0,0,ear,/otc/rxhomeo-rhus-toxicodendron-pellets-30c-otc641689
SBL Acidum Phosphoricum Mother Tincture Q,30,ml,120,93,SBL,4.5,80,hair,/otc/sbl-acidum-phosphoricum-mother-tincture-q-otc338535
SBL Acidum Sulphuricum Mother Tincture Q,30,ml,105,90,SBL,0,0,skin,/otc/sbl-acidum-sulphuricum-mother-tincture-q-otc338869
SBL Aconitum Napellus Dilution 30 CH,30,ml,95,80,SBL,4.599999905,206,eye,/otc/sbl-aconitum-napellus-dilution-30-ch-otc345696
SBL Aegle Marmelos Mother Tincture Q,30,ml,105,86,SBL,5,5,nose,/otc/sbl-aegle-marmelos-mother-tincture-q-otc338858
SBL Aesculus Ointment,25,gm,70,57,SBL,4.5,70,blood,/otc/sbl-aesculus-ointment-otc330972
SBL Agaricus Muscarius Dilution 200 CH,30,ml,105,92,SBL,4.5,17,skin,/otc/sbl-agaricus-muscarius-dilution-200-ch-otc345714
SBL Agaricus Muscarius Dilution 30 CH,30,ml,95,85,SBL,4.5,17,skin,/otc/sbl-agaricus-muscarius-dilution-30-ch-otc345713
SBL Alfalfa Mother Tincture Q,30,ml,105,88,SBL,4.5,100,kidney,/otc/sbl-alfalfa-mother-tincture-q-otc338527
SBL Allium Cepa Dilution 30 CH,30,ml,90,76,SBL,4.5,166,skin,/otc/sbl-allium-cepa-dilution-30-ch-otc338390
SBL Allium Sativum Mother Tincture Q,30,ml,100,84,SBL,4.699999809,80,ear,/otc/sbl-allium-sativum-mother-tincture-q-otc338524
SBL Anti-Dandruff Shampoo,100,ml,110,94,SBL,4.5,24,hair,/otc/sbl-anti-dandruff-shampoo-otc417229
SBL Antimonium Tartaricum Dilution 30 CH,30,ml,90,77,SBL,4.599999905,125,ear,/otc/sbl-antimonium-tartaricum-dilution-30-ch-otc338380
SBL Apis Mellifica Dilution 30 CH,30,ml,90,75,SBL,4.599999905,132,face,/otc/sbl-apis-mellifica-dilution-30-ch-otc338377
SBL Aranea Diadema Dilution 200 CH,30,ml,105,86,SBL,4.699999809,7,stomach,/otc/sbl-aranea-diadema-dilution-200-ch-otc345905
SBL Argentum Nitricum Dilution 200 CH,30,ml,105,94,SBL,4.400000095,95,ear,/otc/sbl-argentum-nitricum-dilution-200-ch-otc345910
SBL Arnica Montana Dilution 200 CH,30,ml,100,83,SBL,4.599999905,805,eye,/otc/sbl-arnica-montana-dilution-200-ch-otc338216
SBL Arnica Montana Dilution 3 CH,30,ml,95,76,SBL,4.599999905,805,eye,/otc/sbl-arnica-montana-dilution-3-ch-otc351136
SBL Arnica Montana Dilution 30 CH,30,ml,95,84,SBL,4.599999905,805,eye,/otc/sbl-arnica-montana-dilution-30-ch-otc338218
SBL Arnica Montana Herbal Shampoo with TJC,200,ml,160,129,SBL,4.400000095,326,hair,/otc/sbl-arnica-montana-herbal-shampoo-with-tjc-otc329025
SBL Arnica Montana Herbal Shampoo with TJC,200,ml,160,129,SBL,4.400000095,326,hair,/otc/sbl-arnica-montana-herbal-shampoo-with-tjc-otc329025
SBL Arnica Montana Herbal Shampoo with TJC,200,ml,160,129,SBL,4.400000095,326,hair,/otc/sbl-arnica-montana-herbal-shampoo-with-tjc-otc329025
SBL Arnica Montana Herbal Shampoo with TJC,200,ml,160,129,SBL,4.400000095,326,hair,/otc/sbl-arnica-montana-herbal-shampoo-with-tjc-otc329025
SBL Arnica Montana Herbal Shampoo with TJC,100,ml,105,92,SBL,4.400000095,326,hair,/otc/sbl-arnica-montana-herbal-shampoo-with-tjc-otc329024
SBL Arnica Montana Herbal Shampoo with TJC,100,ml,105,92,SBL,4.400000095,326,hair,/otc/sbl-arnica-montana-herbal-shampoo-with-tjc-otc329024
SBL Arnica Montana Herbal Shampoo with TJC,100,ml,105,92,SBL,4.400000095,326,hair,/otc/sbl-arnica-montana-herbal-shampoo-with-tjc-otc329024
SBL Arnica Montana Herbal Shampoo with TJC,100,ml,105,92,SBL,4.400000095,326,hair,/otc/sbl-arnica-montana-herbal-shampoo-with-tjc-otc329024
SBL Arnica Montana Mother Tincture Q,30,ml,240,196,SBL,4.5,121,eye,/otc/sbl-arnica-montana-mother-tincture-q-otc338517
SBL Arsenicum Album 0/1 LM,20,gm,175,142,SBL,4.800000191,6,skin,/otc/sbl-arsenicum-album-0-1-lm-otc360862
SBL Arsenicum Album 0/1 LM,20,gm,175,142,SBL,4.800000191,6,skin,/otc/sbl-arsenicum-album-0-1-lm-otc360862
SBL Asafoetida Dilution 30 CH,30,ml,90,73,SBL,4.300000191,35,skin,/otc/sbl-asafoetida-dilution-30-ch-otc345938
SBL Aspidosperma Quebracho Mother Tincture Q,30,ml,210,150,SBL,4.5,90,blood,/otc/sbl-aspidosperma-quebracho-mother-tincture-q-otc338516
SBL Atista Radix Mother Tincture Q,30,ml,105,85,SBL,4.400000095,11,blood,/otc/sbl-atista-radix-mother-tincture-q-otc338809
SBL Aurum Muriaticum Natronatum Trituration Tablet 3X,25,gm,285,237,SBL,4.699999809,27,blood,/otc/sbl-aurum-muriaticum-natronatum-trituration-tablet-3x-otc339037
SBL Baryta Carbonicum Dilution 30 CH,30,ml,95,78,SBL,4.300000191,52,ear,/otc/sbl-baryta-carbonicum-dilution-30-ch-otc346001
SBL Belladonna Dilution 200 CH,30,ml,100,83,SBL,4.599999905,406,stomach,/otc/sbl-belladonna-dilution-200-ch-otc338212
SBL Belladonna Dilution 30 CH,30,ml,90,76,SBL,4.599999905,406,stomach,/otc/sbl-belladonna-dilution-30-ch-otc338213
SBL Berberis Aquifolium Gel,25,gm,65,55,SBL,4.300000191,312,skin,/otc/sbl-berberis-aquifolium-gel-otc330988
SBL Berberis Aquifolium Mother Tincture Q,30,ml,240,199,SBL,4.5,101,eye,/otc/sbl-berberis-aquifolium-mother-tincture-q-otc338512
SBL Berberis Vulgaris Mother Tincture Q,30,ml,105,86,SBL,4.599999905,334,skin,/otc/sbl-berberis-vulgaris-mother-tincture-q-otc348876
SBL Bio-Combination 10 Tablet,25,gm,105,85,SBL,4.599999905,31,blood,/otc/sbl-bio-combination-10-tablet-otc331046
SBL Bio-Combination 19 Tablet,25,gm,105,88,SBL,4.5,140,skin,/otc/sbl-bio-combination-19-tablet-otc331068
SBL Bio-Combination 20 Tablet,25,gm,105,87,SBL,4.199999809,112,skin,/otc/sbl-bio-combination-20-tablet-otc331069
SBL Bio-Combination 25 Tablet,25,gm,95,81,SBL,4.699999809,188,ear,/otc/sbl-bio-combination-25-tablet-otc331077
SBL Bio-Combination 28 Tablet,25,gm,105,88,SBL,4.5,101,ear,/otc/sbl-bio-combination-28-tablet-otc331081
SBL Bio-Combination 6 Tablet,25,gm,105,87,SBL,4.699999809,226,nose,/otc/sbl-bio-combination-6-tablet-otc331025
SBL Bovista Dilution 6 CH,30,ml,95,81,SBL,4.599999905,15,ear,/otc/sbl-bovista-dilution-6-ch-otc351396
SBL Caladium Seguinum Dilution 30 CH,30,ml,90,75,SBL,4.099999905,215,stomach,/otc/sbl-caladium-seguinum-dilution-30-ch-otc346065
SBL Calcarea Carbonica Dilution 200 CH,30,ml,105,89,SBL,4.599999905,157,ear,/otc/sbl-calcarea-carbonica-dilution-200-ch-otc346039
SBL Calcarea Fluorica Biochemic Tablet 12X,25,gm,105,88,SBL,4.5,475,thyroid,/otc/sbl-calcarea-fluorica-biochemic-tablet-12x-otc331088
SBL Calcarea Fluorica Biochemic Tablet 3X,25,gm,105,85,SBL,4.5,475,thyroid,/otc/sbl-calcarea-fluorica-biochemic-tablet-3x-otc331086
SBL Calcarea Fluorica Biochemic Tablet 6X,25,gm,105,86,SBL,4.5,475,thyroid,/otc/sbl-calcarea-fluorica-biochemic-tablet-6x-otc331087
SBL Calcarea Phosphorica Biochemic Tablet 12X,25,gm,105,88,SBL,4.599999905,372,bone,/otc/sbl-calcarea-phosphorica-biochemic-tablet-12x-otc331092
SBL Calcarea Phosphorica Biochemic Tablet 6X,25,gm,105,87,SBL,4.599999905,372,bone,/otc/sbl-calcarea-phosphorica-biochemic-tablet-6x-otc331091
SBL Calcarea Phosphoricum Dilution 6 CH,30,ml,95,83,SBL,4.599999905,32,bone,/otc/sbl-calcarea-phosphoricum-dilution-6-ch-otc349106
SBL Calendula Cream,25,gm,65,55,SBL,4.699999809,219,face,/otc/sbl-calendula-cream-otc330989
SBL Cantharis Mother Tincture Q,30,ml,315,267,SBL,4.599999905,63,skin,/otc/sbl-cantharis-mother-tincture-q-otc338508
SBL Carbo Vegetabilis Dilution 1000 CH,30,ml,135,119,SBL,4.599999905,415,skin,/otc/sbl-carbo-vegetabilis-dilution-1000-ch-otc346104
SBL Carbo Vegetabilis Dilution 200 CH,30,ml,100,88,SBL,4.599999905,415,skin,/otc/sbl-carbo-vegetabilis-dilution-200-ch-otc338207
SBL Carbo Vegetabilis Dilution 30 CH,30,ml,90,76,SBL,4.599999905,415,skin,/otc/sbl-carbo-vegetabilis-dilution-30-ch-otc338206
SBL Carduus Marianus Mother Tincture Q,30,ml,140,114,SBL,4.599999905,101,liver,/otc/sbl-carduus-marianus-mother-tincture-q-otc338507
SBL Causticum Dilution 1000 CH,30,ml,140,94,SBL,4.5,184,eye,/otc/sbl-causticum-dilution-1000-ch-otc346124
SBL Causticum Dilution 200 CH,30,ml,100,84,SBL,4.5,184,eye,/otc/sbl-causticum-dilution-200-ch-otc346123
SBL Ceanothus Americanus Mother Tincture Q,30,ml,315,258,SBL,4.400000095,25,liver,/otc/sbl-ceanothus-americanus-mother-tincture-q-otc338505
SBL Cephalandra Indica Mother Tincture Q,30,ml,100,83,SBL,4.699999809,105,eye,/otc/sbl-cephalandra-indica-mother-tincture-q-otc338504
SBL Chelidonium Majus Mother Tincture Q,30,ml,140,115,SBL,4.5,284,eye,/otc/sbl-chelidonium-majus-mother-tincture-q-otc338503
SBL Chionanthus Virginica Mother Tincture Q,30,ml,345,280,SBL,4.599999905,43,eye,/otc/sbl-chionanthus-virginica-mother-tincture-q-otc338499
SBL Cholesterinum Trituration Tablet 3X,25,gm,165,137,SBL,4.599999905,108,liver,/otc/sbl-cholesterinum-trituration-tablet-3x-otc339005
SBL Cicuta Virosa Dilution 200 CH,30,ml,105,94,SBL,4.900000095,12,skin,/otc/sbl-cicuta-virosa-dilution-200-ch-otc346163
SBL Cineraria Maritima Euphrasia Eye Drop,10,ml,120,99,SBL,4.5,237,eye,/otc/sbl-cineraria-maritima-euphrasia-eye-drop-otc329019
SBL Cineraria Maritima Euphrasia Eye Drop,10,ml,120,99,SBL,4.5,237,eye,/otc/sbl-cineraria-maritima-euphrasia-eye-drop-otc329019
SBL Cineraria Maritima Euphrasia Eye Drop,10,ml,120,99,SBL,4.5,237,eye,/otc/sbl-cineraria-maritima-euphrasia-eye-drop-otc329019
SBL Cineraria Maritima Euphrasia Eye Drop,10,ml,120,99,SBL,4.5,237,eye,/otc/sbl-cineraria-maritima-euphrasia-eye-drop-otc329019
SBL Cineraria Maritima Euphrasia Eye Drop,5,ml,60,49,SBL,4.5,237,eye,/otc/sbl-cineraria-maritima-euphrasia-eye-drop-otc329018
SBL Cineraria Maritima Euphrasia Eye Drop,5,ml,60,49,SBL,4.5,237,eye,/otc/sbl-cineraria-maritima-euphrasia-eye-drop-otc329018
SBL Cineraria Maritima Euphrasia Eye Drop,5,ml,60,49,SBL,4.5,237,eye,/otc/sbl-cineraria-maritima-euphrasia-eye-drop-otc329018
SBL Cineraria Maritima Euphrasia Eye Drop,5,ml,60,49,SBL,4.5,237,eye,/otc/sbl-cineraria-maritima-euphrasia-eye-drop-otc329018
SBL Cineraria Maritima Eye Drops Free From Alcohol,10,ml,110,95,SBL,4.300000191,43,eyes,/otc/sbl-cineraria-maritima-eye-drops-free-from-alcohol-otc752842
SBL Cineraria Maritima Eye Drops Free From Alcohol,10,ml,110,95,SBL,4.300000191,43,eyes,/otc/sbl-cineraria-maritima-eye-drops-free-from-alcohol-otc752842
SBL Cineraria Maritima Eye Drops Free From Alcohol,10,ml,110,95,SBL,4.300000191,43,eyes,/otc/sbl-cineraria-maritima-eye-drops-free-from-alcohol-otc752842
SBL Cineraria Maritima Eye Drops Free From Alcohol,10,ml,110,95,SBL,4.300000191,43,eyes,/otc/sbl-cineraria-maritima-eye-drops-free-from-alcohol-otc752842
SBL Cineraria Maritima Eye Drops Free From Alcohol,5,ml,60,52,SBL,4.300000191,43,eyes,/otc/sbl-cineraria-maritima-eye-drops-free-from-alcohol-otc752841
SBL Cineraria Maritima Eye Drops Free From Alcohol,5,ml,60,52,SBL,4.300000191,43,eyes,/otc/sbl-cineraria-maritima-eye-drops-free-from-alcohol-otc752841
SBL Cineraria Maritima Eye Drops Free From Alcohol,5,ml,60,52,SBL,4.300000191,43,eyes,/otc/sbl-cineraria-maritima-eye-drops-free-from-alcohol-otc752841
SBL Cineraria Maritima Eye Drops Free From Alcohol,5,ml,60,52,SBL,4.300000191,43,eyes,/otc/sbl-cineraria-maritima-eye-drops-free-from-alcohol-otc752841
SBL Clearstone Drop,30,ml,155,127,SBL,4.400000095,421,kidney,/otc/sbl-clearstone-drop-otc326121
SBL Clematis Erecta Dilution 200 CH,30,ml,105,92,SBL,4.300000191,36,skin,/otc/sbl-clematis-erecta-dilution-200-ch-otc346188
SBL Coca Dilution Homeopathic Medicine 3 CH,30,ml,95,77,SBL,4.599999905,19,ear,/otc/sbl-coca-dilution-homeopathic-medicine-3-ch-otc352024
SBL Coca Dilution Homeopathic Medicine 30 CH,30,ml,95,78,SBL,4.599999905,19,ear,/otc/sbl-coca-dilution-homeopathic-medicine-30-ch-otc348959
SBL Copaiva Officinalis Dilution 30 CH,30,ml,95,78,SBL,4.800000191,10,nose,/otc/sbl-copaiva-officinalis-dilution-30-ch-otc346436
SBL Crataegus Oxyacantha Q Mother Tincture,100,ml,186,155,SBL,4.599999905,224,skin,/otc/sbl-crataegus-oxyacantha-q-mother-tincture-otc651691
SBL Crataegus Oxyacantha Q Mother Tincture,100,ml,186,155,SBL,4.599999905,224,skin,/otc/sbl-crataegus-oxyacantha-q-mother-tincture-otc651691
SBL Crataegus Oxyacantha Q Mother Tincture,100,ml,186,155,SBL,4.599999905,224,skin,/otc/sbl-crataegus-oxyacantha-q-mother-tincture-otc651691
SBL Crataegus Oxyacantha Q Mother Tincture,100,ml,186,155,SBL,4.599999905,224,skin,/otc/sbl-crataegus-oxyacantha-q-mother-tincture-otc651691
SBL Crataegus Oxyacantha Q Mother Tincture,30,ml,105,84,SBL,4.599999905,224,skin,/otc/sbl-crataegus-oxyacantha-q-mother-tincture-otc338491
SBL Crataegus Oxyacantha Q Mother Tincture,30,ml,105,84,SBL,4.599999905,224,skin,/otc/sbl-crataegus-oxyacantha-q-mother-tincture-otc338491
SBL Crataegus Oxyacantha Q Mother Tincture,30,ml,105,84,SBL,4.599999905,224,skin,/otc/sbl-crataegus-oxyacantha-q-mother-tincture-otc338491
SBL Crataegus Oxyacantha Q Mother Tincture,30,ml,105,84,SBL,4.599999905,224,skin,/otc/sbl-crataegus-oxyacantha-q-mother-tincture-otc338491
SBL Crotalus Horridus Dilution 30 CH,30,ml,90,72,SBL,4.5,6,kidney,/otc/sbl-crotalus-horridus-dilution-30-ch-otc346450
SBL Damiana Mother Tincture Q,30,ml,150,124,SBL,4.300000191,119,stomach,/otc/sbl-damiana-mother-tincture-q-otc338489
SBL Drops No. 1 (For Hair Care),30,ml,175,156,SBL,4.199999809,74,hair,/otc/sbl-drops-no.-1-for-hair-care-otc325890
SBL Drops No. 3 (For UTI),30,ml,175,146,SBL,4.699999809,93,ear,/otc/sbl-drops-no.-3-for-uti-otc329039
SBL Drops No. 4 (For BP),30,ml,175,142,SBL,4.400000095,100,ear,/otc/sbl-drops-no.-4-for-bp-otc329038
SBL Echinacea Angustifolia Mother Tincture Q,30,ml,210,174,SBL,4.5,98,ear,/otc/sbl-echinacea-angustifolia-mother-tincture-q-otc338488
SBL Equisetum Hyemale Mother Tincture Q,30,ml,100,82,SBL,4.099999905,21,ear,/otc/sbl-equisetum-hyemale-mother-tincture-q-otc348910
SBL Euphrasia 10% Eye Drop,10,ml,85,73,SBL,4.599999905,163,blood,/otc/sbl-euphrasia-10-eye-drop-otc326104
SBL Fel Tauri Dilution 30 CH,30,ml,95,76,SBL,4.5,17,liver,/otc/sbl-fel-tauri-dilution-30-ch-otc348947
SBL Ferrum Phosphoricum Biochemic Tablet 6X,25,gm,105,87,SBL,4.599999905,168,nose,/otc/sbl-ferrum-phosphoricum-biochemic-tablet-6x-otc331056
SBL FP Ointment,25,gm,70,59,SBL,4.5,137,stomach,/otc/sbl-fp-ointment-otc330996
SBL Fucus Vesiculosus Mother Tincture Q,30,ml,140,115,SBL,4.300000191,34,thyroid,/otc/sbl-fucus-vesiculosus-mother-tincture-q-otc338484
SBL Gaultheria Procumbens Mother Tincture Q,30,ml,315,257,SBL,4.599999905,33,skin,/otc/sbl-gaultheria-procumbens-mother-tincture-q-otc348919
SBL Gelsemium Sempervirens Dilution 30 CH,30,ml,90,76,SBL,4.5,182,eye,/otc/sbl-gelsemium-sempervirens-dilution-30-ch-otc338332
SBL Ginkgo Biloba Mother Tincture Q,30,ml,220,182,SBL,4.599999905,87,skin,/otc/sbl-ginkgo-biloba-mother-tincture-q-otc338479
SBL Gymnema Sylvestre Mother Tincture Q,30,ml,105,88,SBL,4.599999905,158,liver,/otc/sbl-gymnema-sylvestre-mother-tincture-q-otc338482
SBL Hamamelis Virginica Mother Tincture Q,30,ml,140,118,SBL,4.599999905,81,blood,/otc/sbl-hamamelis-virginica-mother-tincture-q-otc338477
SBL Hekla Lava Trituration Tablet 3X,25,gm,165,148,SBL,4.699999809,16,bone,/otc/sbl-hekla-lava-trituration-tablet-3x-otc338992
SBL Hepar Sulphur Dilution 200 CH,30,ml,100,84,SBL,4.5,186,skin,/otc/sbl-hepar-sulphur-dilution-200-ch-otc347863
SBL Hepar Sulphur Dilution 30 CH,30,ml,90,76,SBL,4.5,186,skin,/otc/sbl-hepar-sulphur-dilution-30-ch-otc338323
SBL Histaminum Dilution 1000 CH,30,ml,140,115,SBL,4.5,221,skin,/otc/sbl-histaminum-dilution-1000-ch-otc348942
SBL Histaminum Dilution 200 CH,30,ml,100,83,SBL,4.5,221,skin,/otc/sbl-histaminum-dilution-200-ch-otc348944
SBL Histaminum Dilution 30 CH,30,ml,90,76,SBL,4.5,221,skin,/otc/sbl-histaminum-dilution-30-ch-otc348943
SBL Hydrastis Canadensis Mother Tincture Q,30,ml,425,348,SBL,4.599999905,165,stomach,/otc/sbl-hydrastis-canadensis-mother-tincture-q-otc338448
SBL Jaborandi Hair Oil,200,ml,255,208,SBL,4.400000095,116,hair,/otc/sbl-jaborandi-hair-oil-otc329035
SBL Jaborandi Mother Tincture Q,30,ml,150,123,SBL,4.300000191,214,hair,/otc/sbl-jaborandi-mother-tincture-q-otc338446
SBL Kali Muriaticum Biochemic Tablet 12X,25,gm,105,86,SBL,4.599999905,107,skin,/otc/sbl-kali-muriaticum-biochemic-tablet-12x-otc331050
SBL Kali Muriaticum Biochemic Tablet 6X,25,gm,105,90,SBL,4.599999905,107,skin,/otc/sbl-kali-muriaticum-biochemic-tablet-6x-otc331049
SBL Kali Nitricum Dilution 30 CH,30,ml,95,64,SBL,4.599999905,14,eye,/otc/sbl-kali-nitricum-dilution-30-ch-otc348048
SBL Kali Phosphoricum Biochemic Tablet 12X,25,gm,105,88,SBL,4.599999905,432,skin,/otc/sbl-kali-phosphoricum-biochemic-tablet-12x-otc331043
SBL Kali Phosphoricum Biochemic Tablet 200X,25,gm,110,90,SBL,4.599999905,432,skin,/otc/sbl-kali-phosphoricum-biochemic-tablet-200x-otc368297
SBL Kali Phosphoricum Biochemic Tablet 6X,25,gm,95,80,SBL,4.599999905,432,skin,/otc/sbl-kali-phosphoricum-biochemic-tablet-6x-otc331042
SBL Lycopodium Clavatum Dilution 200 CH,30,ml,100,83,SBL,4.5,388,liver,/otc/sbl-lycopodium-clavatum-dilution-200-ch-otc338199
SBL Lycopodium Clavatum Dilution 30 CH,30,ml,90,75,SBL,4.5,388,liver,/otc/sbl-lycopodium-clavatum-dilution-30-ch-otc338200
SBL Lycopodium Clavatum Dilution 6 CH,30,ml,95,82,SBL,4.5,388,liver,/otc/sbl-lycopodium-clavatum-dilution-6-ch-otc349055
SBL Magnesia Phosphorica Biochemic Tablet 200X,25,gm,100,81,SBL,4.699999809,221,ear,/otc/sbl-magnesia-phosphorica-biochemic-tablet-200x-otc368299
SBL Magnesia Phosphorica Biochemic Tablet 6X,25,gm,105,88,SBL,4.699999809,221,ear,/otc/sbl-magnesia-phosphorica-biochemic-tablet-6x-otc331031
SBL Mercurius Solubilis Dilution 30 CH,30,ml,90,77,SBL,4.599999905,149,hand,/otc/sbl-mercurius-solubilis-dilution-30-ch-otc338313
SBL Natrum Arsenicum Dilution 30 CH,30,ml,95,76,SBL,4.599999905,20,nose,/otc/sbl-natrum-arsenicum-dilution-30-ch-otc348385
SBL Natrum Muriaticum Biochemic Tablet 200X,25,gm,100,80,SBL,4.5,103,skin,/otc/sbl-natrum-muriaticum-biochemic-tablet-200x-otc368300
SBL Natrum Muriaticum Biochemic Tablet 6X,25,gm,95,79,SBL,4.5,103,skin,/otc/sbl-natrum-muriaticum-biochemic-tablet-6x-otc330938
SBL Natrum Muriaticum Dilution 30 CH,30,ml,90,76,SBL,4.5,184,skin,/otc/sbl-natrum-muriaticum-dilution-30-ch-otc338310
SBL Natrum Phosphoricum Biochemic Tablet 6X,25,gm,105,88,SBL,4.599999905,106,ear,/otc/sbl-natrum-phosphoricum-biochemic-tablet-6x-otc330946
SBL Nixocid Syrup,500,ml,290,249,SBL,4.599999905,107,ear,/otc/sbl-nixocid-syrup-otc325887
SBL Nixocid Tablet,25,gm,155,133,SBL,4.5,206,ear,/otc/sbl-nixocid-tablet-otc326119
SBL Nuphar Lutea Dilution 200 CH,30,ml,105,83,SBL,4.5,8,skin,/otc/sbl-nuphar-lutea-dilution-200-ch-otc355185
SBL Nuphar Lutea Mother Tincture Q,30,ml,315,261,SBL,4.300000191,48,skin,/otc/sbl-nuphar-lutea-mother-tincture-q-otc338439
SBL Nux Vomica Dilution 10M CH,30,ml,300,269,SBL,4.599999905,899,eye,/otc/sbl-nux-vomica-dilution-10m-ch-otc385277
SBL Nux Vomica Dilution 200 CH,30,ml,100,86,SBL,4.599999905,899,eye,/otc/sbl-nux-vomica-dilution-200-ch-otc338195
SBL Nux Vomica Dilution 30 CH,30,ml,90,75,SBL,4.599999905,899,eye,/otc/sbl-nux-vomica-dilution-30-ch-otc338194
SBL Ocimum Sanctum Mother Tincture Q,30,ml,100,84,SBL,4.400000095,57,skin,/otc/sbl-ocimum-sanctum-mother-tincture-q-otc338436
SBL Petroselinum Sativum Dilution 30 CH,30,ml,95,78,SBL,3.799999952,9,eyes,/otc/sbl-petroselinum-sativum-dilution-30-ch-otc348504
SBL Phytolacca Berry Dilution 200 CH,30,ml,105,85,SBL,4.300000191,19,ear,/otc/sbl-phytolacca-berry-dilution-200-ch-otc348517
SBL Pothos Foetidus Mother Tincture Q,30,ml,365,303,SBL,4.5,45,skin,/otc/sbl-pothos-foetidus-mother-tincture-q-otc338428
SBL Psorinum Dilution 200 CH,30,ml,105,92,SBL,4.300000191,43,skin,/otc/sbl-psorinum-dilution-200-ch-otc348553
SBL Pulsatilla Nigricans Dilution 200 CH,30,ml,100,83,SBL,4.599999905,227,ear,/otc/sbl-pulsatilla-nigricans-dilution-200-ch-otc338189
SBL Pulsatilla Nigricans Dilution 30 CH,30,ml,95,85,SBL,4.599999905,227,ear,/otc/sbl-pulsatilla-nigricans-dilution-30-ch-otc338190
SBL Pyrogenium Dilution 30 CH,30,ml,90,73,SBL,4.599999905,5,kidney,/otc/sbl-pyrogenium-dilution-30-ch-otc348561
SBL Radium Bromatum Dilution 200 CH,30,ml,105,93,SBL,4.400000095,14,skin,/otc/sbl-radium-bromatum-dilution-200-ch-otc348566
SBL Ratanhia Dilution 200 CH,30,ml,105,85,SBL,4.5,68,stomach,/otc/sbl-ratanhia-dilution-200-ch-otc348589
SBL Rauwolfia Serpentina Mother Tincture Q,30,ml,100,85,SBL,4.699999809,155,blood,/otc/sbl-rauwolfia-serpentina-mother-tincture-q-otc338425
SBL Rite-Hite Tablet,25,gm,155,133,SBL,4.199999809,168,ear,/otc/sbl-rite-hite-tablet-otc329012
SBL Rosmarinus Officinalis Dilution 30 CH,30,ml,95,82,SBL,4.699999809,19,blood,/otc/sbl-rosmarinus-officinalis-dilution-30-ch-otc348613
SBL Ruta Graveolens Dilution 200 CH,30,ml,100,84,SBL,4.699999809,222,bone,/otc/sbl-ruta-graveolens-dilution-200-ch-otc348620
SBL Sabal Serrulata Dilution 30 CH,30,ml,95,79,SBL,4.199999809,106,stomach,/otc/sbl-sabal-serrulata-dilution-30-ch-otc348627
SBL Salix Nigra Mother Tincture Q,30,ml,105,85,SBL,3.900000095,16,skin,/otc/sbl-salix-nigra-mother-tincture-q-otc348961
SBL Sarracenia Purpurea Dilution 1000 CH,30,ml,135,112,SBL,4.800000191,16,skin,/otc/sbl-sarracenia-purpurea-dilution-1000-ch-otc358168
SBL Sarsaparilla Mother Tincture Q,30,ml,220,182,SBL,4.699999809,39,bone,/otc/sbl-sarsaparilla-mother-tincture-q-otc338420
SBL Scalptone Tablet,25,gm,155,128,SBL,4.300000191,139,hair,/otc/sbl-scalptone-tablet-otc326111
SBL Serum Anguillae (Eel Serum) Dilution 6 CH,30,ml,95,76,SBL,4.300000191,34,kidney,/otc/sbl-serum-anguillae-eel-serum-dilution-6-ch-otc358274
SBL Silicea Biochemic Tablet 200X,25,gm,110,88,SBL,4.5,140,skin,/otc/sbl-silicea-biochemic-tablet-200x-otc368312
SBL Silicea Biochemic Tablet 30X,25,gm,95,76,SBL,4.5,140,skin,/otc/sbl-silicea-biochemic-tablet-30x-otc368311
SBL Silicea Biochemic Tablet 6X,25,gm,95,80,SBL,4.5,140,skin,/otc/sbl-silicea-biochemic-tablet-6x-otc368309
SBL Silicea Dilution 1000 CH,30,ml,135,116,SBL,4.599999905,208,skin,/otc/sbl-silicea-dilution-1000-ch-otc338179
SBL Silicea Dilution 200 CH,30,ml,105,86,SBL,4.599999905,208,skin,/otc/sbl-silicea-dilution-200-ch-otc338177
SBL Silk N Stay Antiseptic Calendula Soap,75,gm,50,39,SBL,4.400000095,102,skin,/otc/sbl-silk-n-stay-antiseptic-calendula-soap-otc330955
SBL Sinapis Nigra Dilution 30 CH,30,ml,90,74,SBL,4.5,10,skin,/otc/sbl-sinapis-nigra-dilution-30-ch-otc358317
SBL Solidago Virgaurea Mother Tincture Q,30,ml,315,258,SBL,4.900000095,21,kidney,/otc/sbl-solidago-virgaurea-mother-tincture-q-otc348963
SBL Sulphur Dilution 200 CH,30,ml,100,82,SBL,4.400000095,420,skin,/otc/sbl-sulphur-dilution-200-ch-otc338173
SBL Sulphur Dilution 30 CH,30,ml,90,76,SBL,4.400000095,420,skin,/otc/sbl-sulphur-dilution-30-ch-otc338174
SBL Sulphur Gel,25,gm,65,53,SBL,4.300000191,8,skin,/otc/sbl-sulphur-gel-otc331008
SBL Swertia Chirata Mother Tincture Q,30,ml,140,114,SBL,4.699999809,77,liver,/otc/sbl-swertia-chirata-mother-tincture-q-otc338416
SBL Symphytum Officinale Mother Tincture Q,30,ml,140,115,SBL,4.5,59,eye,/otc/sbl-symphytum-officinale-mother-tincture-q-otc338413
SBL Syzygium Jambolanum Mother Tincture Q,30,ml,105,83,SBL,4.599999905,428,skin,/otc/sbl-syzygium-jambolanum-mother-tincture-q-otc338412
SBL Terminalia Arjuna Mother Tincture Q,30,ml,100,83,SBL,4.699999809,132,ear,/otc/sbl-terminalia-arjuna-mother-tincture-q-otc338411
SBL Terminalia Chebula Mother Tincture Q,30,ml,105,94,SBL,4.599999905,7,eye,/otc/sbl-terminalia-chebula-mother-tincture-q-otc338570
SBL Teucrium Marum Verum Dilution 200 CH,30,ml,105,94,SBL,4.300000191,29,nose,/otc/sbl-teucrium-marum-verum-dilution-200-ch-otc348853
SBL Teucrium Marum Verum Mother Tincture Q,30,ml,230,158,SBL,0,0,nose,/otc/sbl-teucrium-marum-verum-mother-tincture-q-otc338410
SBL Thiosinaminum Trituration Tablet 3X,25,gm,165,137,SBL,4.5,35,ear,/otc/sbl-thiosinaminum-trituration-tablet-3x-otc338959
SBL Thuja Occidentalis Dilution 200 CH,30,ml,105,88,SBL,4.400000095,436,skin,/otc/sbl-thuja-occidentalis-dilution-200-ch-otc338170
SBL Thuja Occidentalis Dilution 30 CH,30,ml,90,76,SBL,4.400000095,436,skin,/otc/sbl-thuja-occidentalis-dilution-30-ch-otc338171
SBL Thuja Occidentalis Mother Tincture Q,30,ml,140,115,SBL,4.5,86,skin,/otc/sbl-thuja-occidentalis-mother-tincture-q-otc338408
SBL Thuja Ointment,25,gm,65,55,SBL,4.199999809,175,skin,/otc/sbl-thuja-ointment-otc331009
SBL Thyroidinum Trituration Tablet 6X,25,gm,165,140,SBL,4.5,50,thyroid,/otc/sbl-thyroidinum-trituration-tablet-6x-otc338955
SBL Tranquil Tablet,25,gm,155,132,SBL,4.599999905,134,ear,/otc/sbl-tranquil-tablet-otc326115
SBL Tribulus Terrestris Mother Tincture Q,30,ml,100,82,SBL,4.400000095,113,blood,/otc/sbl-tribulus-terrestris-mother-tincture-q-otc348982
SBL Uranium Nitricum Dilution 30 CH,30,ml,95,78,SBL,4.5,21,eye,/otc/sbl-uranium-nitricum-dilution-30-ch-otc348773
SBL Urtica Urens Mother Tincture Q,30,ml,105,90,SBL,4.599999905,180,skin,/otc/sbl-urtica-urens-mother-tincture-q-otc338407
SBL Viscum Album Mother Tincture Q,30,ml,120,108,SBL,0,0,ear,/otc/sbl-viscum-album-mother-tincture-q-otc338406
SBL Wiesbaden Dilution 30 CH,30,ml,90,75,SBL,4.300000191,114,hair,/otc/sbl-wiesbaden-dilution-30-ch-otc348695
SBL Withania S (Ashwagandha) Dilution 1000 CH,30,ml,140,116,SBL,4.5,21,blood,/otc/sbl-withania-s-ashwagandha-dilution-1000-ch-otc348680
SBL Withania Somnifera Mother Tincture Q,30,ml,105,86,SBL,4.5,82,blood,/otc/sbl-withania-somnifera-mother-tincture-q-otc338405
SBL Yohimbinum Dilution 30 CH,30,ml,95,81,SBL,4.099999905,14,blood,/otc/sbl-yohimbinum-dilution-30-ch-otc348662
SBL Yohimbinum Mother Tincture Q,30,ml,315,258,SBL,4.300000191,28,blood,/otc/sbl-yohimbinum-mother-tincture-q-otc348873
Similia China Dilution 30 CH,30,ml,95,73,Similia,4.699999809,12,liver,/otc/similia-china-dilution-30-ch-otc611722
St. George’s Foenugreek Mother Tincture Q,30,ml,120,104,St,5,5,stomach,/otc/st.-george-s-foenugreek-mother-tincture-q-otc473871
Wheezal Arnica Hair N Scalp Treatment Homeopathic Medicine,100,ml,120,102,Wheezal,4.199999809,99,hair,/otc/wheezal-arnica-hair-n-scalp-treatment-homeopathic-medicine-otc339197
Wheezal Baby Phos Syrup,60,ml,85,71,Wheezal,4.300000191,9,bone,/otc/wheezal-baby-phos-syrup-otc339128
Wheezal De-Toxin Drop,30,ml,135,109,Wheezal,0,0,stomach,/otc/wheezal-de-toxin-drop-otc339238
Wheezal Dr. Farokh J. Master's Sachrol Tablet,75,tablets,210,176,Wheezal,0,0,thyroid,/otc/wheezal-dr.-farokh-j.-master-s-sachrol-tablet-otc627120
Wheezal Eye Bright Eye Drop,10,ml,100,67,Wheezal,4.5,36,ear,/otc/wheezal-eye-bright-eye-drop-otc339231
Wheezal Renal Forte Drop,30,ml,140,126,Wheezal,4.199999809,20,blood,/otc/wheezal-renal-forte-drop-otc339234
Wheezal Sarsa Syrup,120,ml,130,110,Wheezal,4.300000191,70,ear,/otc/wheezal-sarsa-syrup-otc339153
Wheezal WL46 Eosinophilia Drop,30,ml,170,133,Wheezal,4.800000191,6,skin,/otc/wheezal-wl46-eosinophilia-drop-otc387937
Wheezal WL57 Anti-Fungal Drop,30,ml,170,151,Wheezal,3.799999952,14,eye,/otc/wheezal-wl57-anti-fungal-drop-otc387957
