,Name,size,MRP,price,url
0,Dr Willmar Schwabe India Berberis Aquifolium Mother Tincture Q,bottle of 30 ml Mother Tincture,₹210,₹179,/otc/dr-willmar-schwabe-india-berberis-aquifolium-mother-tincture-q-otc390797
1,SBL Arnica Montana Herbal Shampoo with TJC,bottle of 200 ml Shampoo,₹160,₹129,/otc/sbl-arnica-montana-herbal-shampoo-with-tjc-otc329025
2,SBL Jaborandi Hair Oil,bottle of 200 ml Oil,₹255,₹208,/otc/sbl-jaborandi-hair-oil-otc329035
3,SBL Cineraria Maritima 10% Eye Drop,bottle of 10 ml Eye Drop,₹130,₹109,/otc/sbl-cineraria-maritima-10-eye-drop-otc329014
4,Bjain Guatteria Gaumeri Drop,bottle of 30 ml Drop,₹345,₹283,/otc/bjain-guatteria-gaumeri-drop-otc327159
5,SBL Sarracenia Purpurea Dilution 1000 CH,bottle of 30 ml Dilution,₹135,₹112,/otc/sbl-sarracenia-purpurea-dilution-1000-ch-otc358168
6,Dr. Reckeweg Calcarea Phosphorica Biochemic Tablet 6X,bottle of 20 gm Biochemic Tablet,₹185,₹156,/otc/dr.-reckeweg-calcarea-phosphorica-biochemic-tablet-6x-otc325463
7,Dr. Reckeweg R41 Sexual Neurasthenia Drop,bottle of 22 ml Drop,₹270,₹238,/otc/dr.-reckeweg-r41-sexual-neurasthenia-drop-otc327434
8,Dr. Reckeweg R89 Hair Care Drop,bottle of 30 ml Drop,₹310,₹264,/otc/dr.-reckeweg-r89-hair-care-drop-otc326064
9,Dr Willmar Schwabe India Thyroidinum Trituration Tablet 3X,bottle of 20 gm Trituration Tablet,₹170,₹145,/otc/dr-willmar-schwabe-india-thyroidinum-trituration-tablet-3x-otc324953
10,SBL Stobal Cough Syrup,bottle of 180 ml Syrup,₹165,₹143,/otc/sbl-stobal-cough-syrup-otc328988
11,Dr. Reckeweg Berberis Vul Mother Tincture Q,bottle of 20 ml Mother Tincture,₹255,₹225,/otc/dr.-reckeweg-berberis-vul-mother-tincture-q-otc327784
12,Dr. Reckeweg R73 Joint Pain Drop,bottle of 22 ml Drop,₹270,₹238,/otc/dr.-reckeweg-r73-joint-pain-drop-otc327364
13,Bakson's Y-Lax Tablet,bottle of 200 tablets,₹500,₹410,/otc/bakson-s-y-lax-tablet-otc648470
14,Dr Willmar Schwabe India Damiaplant Drop,bottle of 30 ml Drop,₹400,₹314,/otc/dr-willmar-schwabe-india-damiaplant-drop-otc325889
15,Bakson's Aller Aid Tablet,bottle of 200 tablets,₹460,₹387,/otc/bakson-s-aller-aid-tablet-otc326090
16,SBL Scalptone Tablet,bottle of 25 gm Tablet,₹155,₹128,/otc/sbl-scalptone-tablet-otc326111
17,SBL Clearstone Drop,bottle of 30 ml Drop,₹155,₹127,/otc/sbl-clearstone-drop-otc326121
18,Bhargava Spondin Drop,bottle of 30 ml Drop,₹170,₹145,/otc/bhargava-spondin-drop-otc325892
19,Bakson's Aller Aid Tablet,bottle of 75 tablets,₹215,₹177,/otc/bakson-s-aller-aid-tablet-otc388848
20,Dr. Reckeweg R13 Hemorrhoidal Drop,bottle of 22 ml Drop,₹270,₹227,/otc/dr.-reckeweg-r13-hemorrhoidal-drop-otc327481
21,SBL Nux Vomica Dilution 30 CH,bottle of 30 ml Dilution,₹90,₹75,/otc/sbl-nux-vomica-dilution-30-ch-otc338194
22,Dr. Reckeweg R5 Stomach and Digestion Drop,bottle of 22 ml Drop,₹270,₹224,/otc/dr.-reckeweg-r5-stomach-and-digestion-drop-otc326077
23,Bakson's Throat Aid Tablet,bottle of 75 tablets,₹215,₹183,/otc/bakson-s-throat-aid-tablet-otc325990
24,SBL Berberis Vulgaris Mother Tincture Q,bottle of 30 ml Mother Tincture,₹105,₹86,/otc/sbl-berberis-vulgaris-mother-tincture-q-otc348876
25,SBL Berberis Aquifolium Gel,tube of 25 gm Gel,₹65,₹55,/otc/sbl-berberis-aquifolium-gel-otc330988
26,SBL Arnica Montana Dilution 200 CH,bottle of 30 ml Dilution,₹100,₹83,/otc/sbl-arnica-montana-dilution-200-ch-otc338216
27,SBL Tonicard Gold Drop Homeopathic Medicine,bottle of 100 ml Drop,₹405,₹336,/otc/sbl-tonicard-gold-drop-homeopathic-medicine-otc329006
28,SBL Kali Phosphoricum Biochemic Tablet 6X,bottle of 25 gm Biochemic Tablet,₹95,₹80,/otc/sbl-kali-phosphoricum-biochemic-tablet-6x-otc331042
29,SBL Calcarea Fluorica Biochemic Tablet 6X,bottle of 25 gm Biochemic Tablet,₹105,₹86,/otc/sbl-calcarea-fluorica-biochemic-tablet-6x-otc331087
30,Bakson's Homoeopathic Formula 'D' Tablet,bottle of 200 tablets,₹460,₹324,/otc/bakson-s-homoeopathic-formula-d-tablet-otc502827
31,Dr. Reckeweg R40 Diabetes Drop Homeopathic Medicine,bottle of 22 ml Drop,₹270,₹238,/otc/dr.-reckeweg-r40-diabetes-drop-homeopathic-medicine-otc326035
32,SBL Syzygium Jambolanum Mother Tincture Q,bottle of 30 ml Mother Tincture,₹105,₹83,/otc/sbl-syzygium-jambolanum-mother-tincture-q-otc338412
33,Dr. Reckeweg R25 Prostatitis Drop,bottle of 22 ml Drop,₹270,₹227,/otc/dr.-reckeweg-r25-prostatitis-drop-otc326058
34,Dr. Reckeweg R71 Sciatica Drop,bottle of 22 ml Drop,₹270,₹238,/otc/dr.-reckeweg-r71-sciatica-drop-otc325999
35,Bakson's Throat Aid Tablet,bottle of 200 tablets,₹460,₹374,/otc/bakson-s-throat-aid-tablet-otc502934
36,Dr. Reckeweg R59 Weight Loss,bottle of 22 ml Drop,₹270,₹238,/otc/dr.-reckeweg-r59-weight-loss-otc326007
37,Dr. Reckeweg R7 Liver and Gallbladder Drop,bottle of 22 ml Drop,₹270,₹225,/otc/dr.-reckeweg-r7-liver-and-gallbladder-drop-otc326075
38,SBL Calcarea Phosphorica Biochemic Tablet 6X,bottle of 25 gm Biochemic Tablet,₹105,₹87,/otc/sbl-calcarea-phosphorica-biochemic-tablet-6x-otc331091
39,Dr. Reckeweg R11 Rheumatism Drop,bottle of 22 ml Drop,₹270,₹238,/otc/dr.-reckeweg-r11-rheumatism-drop-otc327504
40,SBL Arsenicum Album Dilution 30 CH,bottle of 30 ml Dilution,₹90,₹77,/otc/sbl-arsenicum-album-dilution-30-ch-otc338369
41,Dr. Reckeweg R65 Psoriasis Drop,bottle of 22 ml Drop,₹270,₹238,/otc/dr.-reckeweg-r65-psoriasis-drop-otc326001
42,SBL Prostonum Drop,bottle of 30 ml Drop,₹160,₹143,/otc/sbl-prostonum-drop-otc329004
43,Dr. Reckeweg R42 Varicosis Drop,bottle of 22 ml Drop,₹270,₹238,/otc/dr.-reckeweg-r42-varicosis-drop-otc326032
44,SBL Nux Vomica Dilution 200 CH,bottle of 30 ml Dilution,₹100,₹86,/otc/sbl-nux-vomica-dilution-200-ch-otc338195
45,SBL Jaborandi Mother Tincture Q,bottle of 30 ml Mother Tincture,₹150,₹123,/otc/sbl-jaborandi-mother-tincture-q-otc338446
46,Dr. Reckeweg R49 Sinus Drop,bottle of 22 ml Drop,₹270,₹238,/otc/dr.-reckeweg-r49-sinus-drop-otc327421
47,Dr. Reckeweg Kali Phosphoricum Biochemic Tablet 6X,bottle of 20 gm Biochemic Tablet,₹185,₹163,/otc/dr.-reckeweg-kali-phosphoricum-biochemic-tablet-6x-otc334909
48,SBL Liv T Tonic,bottle of 180 ml Tonic,₹160,₹133,/otc/sbl-liv-t-tonic-otc328967
49,Bakson's Rheum Aid Tablet,bottle of 200 tablets,₹460,₹373,/otc/bakson-s-rheum-aid-tablet-otc386770
50,SBL Thuja Occidentalis Dilution 200 CH,bottle of 30 ml Dilution,₹105,₹88,/otc/sbl-thuja-occidentalis-dilution-200-ch-otc338170
51,SBL Bio-Combination 6 Tablet,bottle of 25 gm Biocombination Tablet,₹105,₹87,/otc/sbl-bio-combination-6-tablet-otc331025
52,SBL Alfalfa Tonic with Ginseng,bottle of 180 ml Tonic,₹165,₹138,/otc/sbl-alfalfa-tonic-with-ginseng-otc328976
53,Dr. Reckeweg R84 Inhalent Allergy Drop,bottle of 30 ml Drop,₹310,₹273,/otc/dr.-reckeweg-r84-inhalent-allergy-drop-otc326011
54,SBL Chelidonium Majus Mother Tincture Q,bottle of 30 ml Mother Tincture,₹140,₹115,/otc/sbl-chelidonium-majus-mother-tincture-q-otc338503
55,Dr. Reckeweg R82 Anti Fungal Drop,bottle of 30 ml Drop,₹310,₹273,/otc/dr.-reckeweg-r82-anti-fungal-drop-otc326002
56,Bakson's Homoeopathic Formula 'D' Tablet,bottle of 75 tablets,₹215,₹181,/otc/bakson-s-homoeopathic-formula-d-tablet-otc358328
57,SBL Dibonil Drop,bottle of 30 ml Drop,₹130,₹116,/otc/sbl-dibonil-drop-otc327094
58,Bakson's Pilgo Tablet,bottle of 200 tablets,₹460,₹382,/otc/bakson-s-pilgo-tablet-otc386760
59,Dr. Reckeweg R9 Cough Drop,bottle of 22 ml Drop,₹270,₹241,/otc/dr.-reckeweg-r9-cough-drop-otc326072
60,SBL Arnica Montana Dilution 30 CH,bottle of 30 ml Dilution,₹95,₹84,/otc/sbl-arnica-montana-dilution-30-ch-otc338218
61,SBL Rhus Toxicodendron Dilution 200 CH,bottle of 30 ml Dilution,₹100,₹84,/otc/sbl-rhus-toxicodendron-dilution-200-ch-otc338182
62,SBL Hydrastis Canadensis Mother Tincture Q,bottle of 30 ml Mother Tincture,₹425,₹348,/otc/sbl-hydrastis-canadensis-mother-tincture-q-otc338448
63,Allen A84 Lipoma Drop,bottle of 30 ml Drop,₹170,₹150,/otc/allen-a84-lipoma-drop-otc330453
64,SBL Damiagra Forte Drop,bottle of 30 ml Drop,₹400,₹325,/otc/sbl-damiagra-forte-drop-otc385769
65,Dr. Reckeweg R27 Renal Calculi Drop,bottle of 22 ml Drop,₹270,₹238,/otc/dr.-reckeweg-r27-renal-calculi-drop-otc326057
66,Dr. Reckeweg Ashwagandha Mother Tincture Q,bottle of 20 ml Mother Tincture,₹335,₹295,/otc/dr.-reckeweg-ashwagandha-mother-tincture-q-otc327798
67,Dr Willmar Schwabe India Cydonia Vulgaris Mother Tincture Q,bottle of 30 ml Mother Tincture,₹265,₹225,/otc/dr-willmar-schwabe-india-cydonia-vulgaris-mother-tincture-q-otc453360
68,Dr. Reckeweg R16 Migraine and Neuralgia Drop,bottle of 22 ml Drop,₹270,₹238,/otc/dr.-reckeweg-r16-migraine-and-neuralgia-drop-otc326067
69,SBL Bryonia Alba Dilution 30 CH,bottle of 30 ml Dilution,₹90,₹76,/otc/sbl-bryonia-alba-dilution-30-ch-otc346050
70,SBL FP-Tabs Tablet,bottle of 25 gm Tablet,₹155,₹133,/otc/sbl-fp-tabs-tablet-otc329015
71,SBL Berberis Aquifolium Mother Tincture Q,bottle of 30 ml Mother Tincture,₹240,₹199,/otc/sbl-berberis-aquifolium-mother-tincture-q-otc338512
72,Bakson's Pilgo Tablet,bottle of 75 tablets,₹215,₹178,/otc/bakson-s-pilgo-tablet-otc327078
73,SBL Belladonna Dilution 30 CH,bottle of 30 ml Dilution,₹90,₹76,/otc/sbl-belladonna-dilution-30-ch-otc338213
74,SBL Homeocal Tablet,bottle of 25 gm Tablet,₹155,₹131,/otc/sbl-homeocal-tablet-otc326109
75,SBL Bio-Combination 25 Tablet,bottle of 25 gm Biocombination Tablet,₹95,₹81,/otc/sbl-bio-combination-25-tablet-otc331077
76,SBL Sabal Serrulata Mother Tincture Q,bottle of 30 ml Mother Tincture,₹280,₹230,/otc/sbl-sabal-serrulata-mother-tincture-q-otc338421
77,SBL Arnica Montana Mother Tincture Q,bottle of 30 ml Mother Tincture,₹240,₹196,/otc/sbl-arnica-montana-mother-tincture-q-otc338517
78,Bakson's Vitamin D Plus Tablet,bottle of 30 tablets,₹160,₹141,/otc/bakson-s-vitamin-d-plus-tablet-otc513616
79,Dr. Reckeweg Aalserum 7X Mother Tincture Q,bottle of 20 ml Mother Tincture,₹255,₹225,/otc/dr.-reckeweg-aalserum-7x-mother-tincture-q-otc327821
80,SBL Cineraria Maritima Euphrasia Eye Drop,bottle of 10 ml Eye Drop,₹120,₹99,/otc/sbl-cineraria-maritima-euphrasia-eye-drop-otc329019
81,SBL Magnesia Phosphorica Biochemic Tablet 6X,bottle of 25 gm Biochemic Tablet,₹105,₹88,/otc/sbl-magnesia-phosphorica-biochemic-tablet-6x-otc331031
82,SBL Lycopodium Clavatum Dilution 30 CH,bottle of 30 ml Dilution,₹90,₹75,/otc/sbl-lycopodium-clavatum-dilution-30-ch-otc338200
83,SBL Calendula Cream,tube of 25 gm Cream,₹65,₹55,/otc/sbl-calendula-cream-otc330989
84,Dr Willmar Schwabe Germany Biofungin Syrup,bottle of 250 ml Syrup,₹847,₹720,/otc/dr-willmar-schwabe-germany-biofungin-syrup-otc326130
85,Dr. Reckeweg R85 High Blood Pressure Drop,bottle of 30 ml Drop,₹310,₹273,/otc/dr.-reckeweg-r85-high-blood-pressure-drop-otc326018
86,SBL Crataegus Oxyacantha Q Mother Tincture,bottle of 30 ml Mother Tincture,₹105,₹84,/otc/sbl-crataegus-oxyacantha-q-mother-tincture-otc338491
87,Dr Willmar Schwabe India Alpha-Coff Cough Syrup,bottle of 100 ml Syrup,₹110,₹93,/otc/dr-willmar-schwabe-india-alpha-coff-cough-syrup-otc407060
88,New Life NL-2 Blood Urea Creatinin Drop,bottle of 30 ml Drop,₹150,₹126,/otc/new-life-nl-2-blood-urea-creatinin-drop-otc326171
89,SBL Sulphur Dilution 200 CH,bottle of 30 ml Dilution,₹100,₹82,/otc/sbl-sulphur-dilution-200-ch-otc338173
90,SBL Aconitum Napellus Dilution 30 CH,bottle of 30 ml Dilution,₹95,₹80,/otc/sbl-aconitum-napellus-dilution-30-ch-otc345696
91,Bakson's Gastro Aid Tablet,bottle of 200 tablets,₹460,₹382,/otc/bakson-s-gastro-aid-tablet-otc386762
92,SBL Rauwolfia Serpentina Mother Tincture Q,bottle of 30 ml Mother Tincture,₹100,₹85,/otc/sbl-rauwolfia-serpentina-mother-tincture-q-otc338425
93,SBL Bryonia Alba Dilution 200 CH,bottle of 30 ml Dilution,₹105,₹90,/otc/sbl-bryonia-alba-dilution-200-ch-otc346051
94,SBL Five Phos Tablet 6X,bottle of 25 gm Tablet,₹95,₹81,/otc/sbl-five-phos-tablet-6x-otc608306
95,SBL Nixocid Tablet,bottle of 25 gm Tablet,₹155,₹133,/otc/sbl-nixocid-tablet-otc326119
96,Dr Willmar Schwabe India Cydonia Vulgaris Dilution 30 CH,bottle of 30 ml Dilution,₹90,₹75,/otc/dr-willmar-schwabe-india-cydonia-vulgaris-dilution-30-ch-otc372354
97,Bakson's Sinus Aid Tablet,bottle of 75 tablets,₹215,₹181,/otc/bakson-s-sinus-aid-tablet-otc325988
98,SBL Rite-Hite Tablet,bottle of 25 gm Tablet,₹155,₹133,/otc/sbl-rite-hite-tablet-otc329012
99,SBL Bio-Combination 21 Tablet,bottle of 25 gm Biocombination Tablet,₹95,₹81,/otc/sbl-bio-combination-21-tablet-otc331070
100,SBL Rhus Toxicodendron Dilution 30 CH,bottle of 30 ml Dilution,₹90,₹75,/otc/sbl-rhus-toxicodendron-dilution-30-ch-otc338184
101,ADEL 4 Apo-Rheum Drop,bottle of 20 ml Drop,₹295,₹251,/otc/adel-4-apo-rheum-drop-otc325870
102,SBL Alfalfa Malt Energy Stimulant Delicious Chocolate,jar of 450 gm Paste,₹340,₹289,/otc/sbl-alfalfa-malt-energy-stimulant-delicious-chocolate-otc325799
103,Dr. Reckeweg R1 Inflammation Drop,bottle of 22 ml Drop,₹270,₹227,/otc/dr.-reckeweg-r1-inflammation-drop-otc327511
104,SBL Diaboherb Capsule,box of 100 capsules,₹450,₹380,/otc/sbl-diaboherb-capsule-otc329033
105,SBL Gymnema Sylvestre Mother Tincture Q,bottle of 30 ml Mother Tincture,₹105,₹88,/otc/sbl-gymnema-sylvestre-mother-tincture-q-otc338482
106,Dr Willmar Schwabe India Dizester Digestive Tonic Sugar Free,bottle of 500 ml Tonic,₹360,₹306,/otc/dr-willmar-schwabe-india-dizester-digestive-tonic-sugar-free-otc492426
107,Bakson's Biocombination 17 Tablet,bottle of 4500 biocombination tablets,₹655,₹589,/otc/bakson-s-biocombination-17-tablet-otc694659
108,SBL Carbo Vegetabilis Dilution 30 CH,bottle of 30 ml Dilution,₹90,₹76,/otc/sbl-carbo-vegetabilis-dilution-30-ch-otc338206
109,Dr. Reckeweg R2 Essentia Aurea-Gold Drop,bottle of 22 ml Drop,₹270,₹224,/otc/dr.-reckeweg-r2-essentia-aurea-gold-drop-otc327508
110,SBL Ferrum Phosphoricum Biochemic Tablet 6X,bottle of 25 gm Biochemic Tablet,₹105,₹87,/otc/sbl-ferrum-phosphoricum-biochemic-tablet-6x-otc331056
111,Dr. Reckeweg R95 Alfalfa Tonic,bottle of 250 ml Tonic,₹645,₹541,/otc/dr.-reckeweg-r95-alfalfa-tonic-otc336743
112,SBL Thuja Ointment,tube of 25 gm Ointment,₹65,₹55,/otc/sbl-thuja-ointment-otc331009
113,New Life Bach Flower Rescue Remedy 30,bottle of 30 ml Dilution,₹125,₹105,/otc/new-life-bach-flower-rescue-remedy-30-otc386623
114,SBL Caladium Seguinum Dilution 30 CH,bottle of 30 ml Dilution,₹90,₹75,/otc/sbl-caladium-seguinum-dilution-30-ch-otc346065
115,SBL Tribulus Terrestris Mother Tincture Q,bottle of 30 ml Mother Tincture,₹100,₹82,/otc/sbl-tribulus-terrestris-mother-tincture-q-otc348982
116,SBL Belladonna Dilution 200 CH,bottle of 30 ml Dilution,₹100,₹83,/otc/sbl-belladonna-dilution-200-ch-otc338212
117,SBL Bio-Combination 20 Tablet,bottle of 25 gm Biocombination Tablet,₹105,₹87,/otc/sbl-bio-combination-20-tablet-otc331069
118,ADEL 51 Psy-Stabil Drop,bottle of 20 ml Drop,₹295,₹259,/otc/adel-51-psy-stabil-drop-otc327724
119,SBL Passiflora Incarnata Mother Tincture Q,bottle of 30 ml Mother Tincture,₹120,₹101,/otc/sbl-passiflora-incarnata-mother-tincture-q-otc338434
120,Dr. Reckeweg Vita-C 15 Nerve Tonic,bottle of 250 ml Tonic,₹695,₹612,/otc/dr.-reckeweg-vita-c-15-nerve-tonic-otc325996
121,SBL Echinacea Angustifolia Mother Tincture Q,bottle of 30 ml Mother Tincture,₹210,₹174,/otc/sbl-echinacea-angustifolia-mother-tincture-q-otc338488
122,SBL Phytolacca Berry Mother Tincture Q,bottle of 30 ml Mother Tincture,₹230,₹191,/otc/sbl-phytolacca-berry-mother-tincture-q-otc338433
123,SBL Calendula Officinalis Mother Tincture Q,bottle of 30 ml Mother Tincture,₹105,₹83,/otc/sbl-calendula-officinalis-mother-tincture-q-otc338509
124,SBL Allium Cepa Dilution 30 CH,bottle of 30 ml Dilution,₹90,₹76,/otc/sbl-allium-cepa-dilution-30-ch-otc338390
125,SBL Lycopodium Clavatum Dilution 200 CH,bottle of 30 ml Dilution,₹100,₹83,/otc/sbl-lycopodium-clavatum-dilution-200-ch-otc338199
126,SBL Drops No. 8 ( For Allergic Rhinitis),bottle of 30 ml Drop,₹175,₹147,/otc/sbl-drops-no.-8-for-allergic-rhinitis-otc339777
127,Bakson's Tonsil Aid Tablet,bottle of 75 tablets,₹200,₹168,/otc/bakson-s-tonsil-aid-tablet-otc402187
128,SBL Urtica Urens Mother Tincture Q,bottle of 30 ml Mother Tincture,₹105,₹90,/otc/sbl-urtica-urens-mother-tincture-q-otc338407
129,SBL Tranquil Tablet,bottle of 25 gm Tablet,₹155,₹132,/otc/sbl-tranquil-tablet-otc326115
130,SBL Bio-Combination 19 Tablet,bottle of 25 gm Biocombination Tablet,₹105,₹88,/otc/sbl-bio-combination-19-tablet-otc331068
131,SBL Damiana Mother Tincture Q,bottle of 30 ml Mother Tincture,₹150,₹124,/otc/sbl-damiana-mother-tincture-q-otc338489
132,SBL Sulphur Dilution 30 CH,bottle of 30 ml Dilution,₹90,₹76,/otc/sbl-sulphur-dilution-30-ch-otc338174
133,Lord's Ylo Tablet,bottle of 50 tablets,₹150,₹125,/otc/lord-s-ylo-tablet-otc357512
134,SBL FP Ointment,tube of 25 gm Ointment,₹70,₹59,/otc/sbl-fp-ointment-otc330996
135,SBL Hepar Sulphur Dilution 200 CH,bottle of 30 ml Dilution,₹100,₹84,/otc/sbl-hepar-sulphur-dilution-200-ch-otc347863
136,Bakson's Hite Aid Tablet,bottle of 75 tablets,₹200,₹167,/otc/bakson-s-hite-aid-tablet-otc327080
137,Bakson's Gastro Aid Tablet,bottle of 75 tablets,₹215,₹181,/otc/bakson-s-gastro-aid-tablet-otc326081
138,Medisynth Jondila Sugar Free Syrup,bottle of 200 ml Syrup,₹170,₹143,/otc/medisynth-jondila-sugar-free-syrup-otc339314
139,Dr. Reckeweg R3 Heart Drop,bottle of 22 ml Drop,₹270,₹227,/otc/dr.-reckeweg-r3-heart-drop-otc326082
140,Dr. Reckeweg V-C 15 Forte Tonic,box of 12 tonics,₹1170,₹1030,/otc/dr.-reckeweg-v-c-15-forte-tonic-otc327329
141,SBL Terminalia Arjuna Mother Tincture Q,bottle of 30 ml Mother Tincture,₹100,₹83,/otc/sbl-terminalia-arjuna-mother-tincture-q-otc338411
142,SBL Euphrasia 10% Eye Drop,bottle of 10 ml Eye Drop,₹85,₹73,/otc/sbl-euphrasia-10-eye-drop-otc326104
143,Dr Willmar Schwabe India Sabal Serrulata Mother Tincture Q,bottle of 30 ml Mother Tincture,₹300,₹253,/otc/dr-willmar-schwabe-india-sabal-serrulata-mother-tincture-q-otc391635
144,Dr Willmar Schwabe India Alpha-Liv Liver Tonic,bottle of 500 ml Tonic,₹330,₹277,/otc/dr-willmar-schwabe-india-alpha-liv-liver-tonic-otc492430
145,SBL Bio-Combination 17 Tablet,bottle of 25 gm Biocombination Tablet,₹105,₹87,/otc/sbl-bio-combination-17-tablet-otc331065
146,Essentia Aurea Gold Drop,bottle of 30 ml Drop,₹190,₹158,/otc/essentia-aurea-gold-drop-otc326134
147,SBL Carbo Vegetabilis Dilution 200 CH,bottle of 30 ml Dilution,₹100,₹88,/otc/sbl-carbo-vegetabilis-dilution-200-ch-otc338207
148,SBL Arnica Gel,tube of 25 gm Gel,₹65,₹55,/otc/sbl-arnica-gel-otc330982
149,Allen Derma Plus Cream,tube of 25 gm Cream,₹90,₹73,/otc/allen-derma-plus-cream-otc330458
150,Dr Willmar Schwabe India Arnica Montana Mother Tincture Q,bottle of 30 ml Mother Tincture,₹210,₹174,/otc/dr-willmar-schwabe-india-arnica-montana-mother-tincture-q-otc390782
151,ADEL 28 Plevent Drop,bottle of 20 ml Drop,₹295,₹259,/otc/adel-28-plevent-drop-otc326092
152,SBL Aspidosperma Quebracho Mother Tincture Q,bottle of 30 ml Mother Tincture,₹210,₹150,/otc/sbl-aspidosperma-quebracho-mother-tincture-q-otc338516
153,Dr Willmar Schwabe India Chelidonium Majus Mother Tincture Q,bottle of 30 ml Mother Tincture,₹142,₹117,/otc/dr-willmar-schwabe-india-chelidonium-majus-mother-tincture-q-otc390853
154,Dr Willmar Schwabe India Munostim Globules,bottle of 10 gm Globules,₹120,₹100,/otc/dr-willmar-schwabe-india-munostim-globules-otc326148
155,ADEL 18 Glucorect Drop,bottle of 20 ml Drop,₹295,₹246,/otc/adel-18-glucorect-drop-otc327731
156,SBL Pulsatilla Nigricans Dilution 200 CH,bottle of 30 ml Dilution,₹100,₹83,/otc/sbl-pulsatilla-nigricans-dilution-200-ch-otc338189
157,SBL Carduus Marianus Mother Tincture Q,bottle of 30 ml Mother Tincture,₹140,₹114,/otc/sbl-carduus-marianus-mother-tincture-q-otc338507
158,SBL Cephalandra Indica Mother Tincture Q,bottle of 30 ml Mother Tincture,₹100,₹83,/otc/sbl-cephalandra-indica-mother-tincture-q-otc338504
159,SBL Histaminum Dilution 200 CH,bottle of 30 ml Dilution,₹100,₹83,/otc/sbl-histaminum-dilution-200-ch-otc348944
160,SBL Sabal Serrulata Dilution 30 CH,bottle of 30 ml Dilution,₹95,₹79,/otc/sbl-sabal-serrulata-dilution-30-ch-otc348627
161,SBL Drops No. 4 (For BP),bottle of 30 ml Drop,₹175,₹142,/otc/sbl-drops-no.-4-for-bp-otc329038
162,Dr. Reckeweg R6 Influenza Drop,bottle of 22 ml Drop,₹270,₹227,/otc/dr.-reckeweg-r6-influenza-drop-otc326076
163,SBL Cholesterinum Trituration Tablet 3X,bottle of 25 gm Trituration Tablet,₹165,₹137,/otc/sbl-cholesterinum-trituration-tablet-3x-otc339005
164,SBL Nixocid Syrup,bottle of 500 ml Syrup,₹290,₹249,/otc/sbl-nixocid-syrup-otc325887
165,New Life Bach Flower Rescue Remedy 30,bottle of 100 ml Dilution,₹200,₹180,/otc/new-life-bach-flower-rescue-remedy-30-otc701188
166,Dr Willmar Schwabe India Withania Somnifera (Aswagandha) Mother Tincture Q,bottle of 30 ml Mother Tincture,₹105,₹89,/otc/dr-willmar-schwabe-india-withania-somnifera-aswagandha-mother-tincture-q-otc391463
167,SBL Arsenicum Album Dilution 200 CH,bottle of 30 ml Dilution,₹100,₹84,/otc/sbl-arsenicum-album-dilution-200-ch-otc345914
168,SBL Natrum Muriaticum Dilution 30 CH,bottle of 30 ml Dilution,₹90,₹76,/otc/sbl-natrum-muriaticum-dilution-30-ch-otc338310
169,Dr Willmar Schwabe India Sabal Pentarkan Drop,bottle of 30 ml Drop,₹175,₹146,/otc/dr-willmar-schwabe-india-sabal-pentarkan-drop-otc327652
170,ADEL 17 Glautaract Drop,bottle of 20 ml Drop,₹295,₹246,/otc/adel-17-glautaract-drop-otc326103
171,SBL Ginseng Mother Tincture Q,bottle of 30 ml Mother Tincture,₹365,₹287,/otc/sbl-ginseng-mother-tincture-q-otc338483
172,SBL Avena Sativa Mother Tincture Q,bottle of 30 ml Mother Tincture,₹100,₹82,/otc/sbl-avena-sativa-mother-tincture-q-otc338515
173,ADEL 9 Cri-Regen Drop,bottle of 20 ml Drop,₹295,₹246,/otc/adel-9-cri-regen-drop-otc326114
174,SBL Thuja Occidentalis Mother Tincture Q,bottle of 30 ml Mother Tincture,₹140,₹115,/otc/sbl-thuja-occidentalis-mother-tincture-q-otc338408
175,SBL Bio-Combination 28 Tablet,bottle of 25 gm Biocombination Tablet,₹105,₹88,/otc/sbl-bio-combination-28-tablet-otc331081
176,Adven Osteodin-Z Oral Drops (25ml Each),box of 2 bottles,₹555,₹489,/otc/adven-osteodin-z-oral-drops-25ml-each-otc567455
177,SBL Alfalfa Tonic with Ginseng,bottle of 115 ml Tonic,₹125,₹103,/otc/sbl-alfalfa-tonic-with-ginseng-otc328975
178,SBL Calcarea Carbonica Dilution 200 CH,bottle of 30 ml Dilution,₹105,₹89,/otc/sbl-calcarea-carbonica-dilution-200-ch-otc346039
179,SBL Ginkgo Biloba Mother Tincture Q,bottle of 30 ml Mother Tincture,₹220,₹182,/otc/sbl-ginkgo-biloba-mother-tincture-q-otc338479
180,SBL Gelsemium Sempervirens Dilution 30 CH,bottle of 30 ml Dilution,₹90,₹76,/otc/sbl-gelsemium-sempervirens-dilution-30-ch-otc338332
181,SBL Acidum Phosphoricum Mother Tincture Q,bottle of 30 ml Mother Tincture,₹120,₹93,/otc/sbl-acidum-phosphoricum-mother-tincture-q-otc338535
182,SBL Hamamelis Virginica Mother Tincture Q,bottle of 30 ml Mother Tincture,₹140,₹118,/otc/sbl-hamamelis-virginica-mother-tincture-q-otc338477
183,SBL Kali Muriaticum Biochemic Tablet 6X,bottle of 25 gm Biochemic Tablet,₹105,₹90,/otc/sbl-kali-muriaticum-biochemic-tablet-6x-otc331049
184,SBL Histaminum Dilution 30 CH,bottle of 30 ml Dilution,₹90,₹76,/otc/sbl-histaminum-dilution-30-ch-otc348943
185,SBL Calcarea Fluorica Biochemic Tablet 12X,bottle of 25 gm Biochemic Tablet,₹105,₹88,/otc/sbl-calcarea-fluorica-biochemic-tablet-12x-otc331088
186,SBL Alfalfa Mother Tincture Q,bottle of 30 ml Mother Tincture,₹105,₹88,/otc/sbl-alfalfa-mother-tincture-q-otc338527
187,Bakson's Spondy Aid Drop,bottle of 30 ml Drop,₹175,₹147,/otc/bakson-s-spondy-aid-drop-otc326059
188,SBL Vertefine Drop,bottle of 30 ml Drop,₹140,₹117,/otc/sbl-vertefine-drop-otc328991
189,Dr Willmar Schwabe India Berberis Pentarkan Tablet,bottle of 20 gm Tablet,₹175,₹144,/otc/dr-willmar-schwabe-india-berberis-pentarkan-tablet-otc328680
190,Dr Willmar Schwabe India Jaborandi Mother Tincture Q,bottle of 30 ml Mother Tincture,₹140,₹120,/otc/dr-willmar-schwabe-india-jaborandi-mother-tincture-q-otc391105
191,SBL Swertia Chirata Mother Tincture Q,bottle of 30 ml Mother Tincture,₹140,₹114,/otc/sbl-swertia-chirata-mother-tincture-q-otc338416
192,Dr Willmar Schwabe India Phytolacca Berry Mother Tincture Q,bottle of 30 ml Mother Tincture,₹230,₹191,/otc/dr-willmar-schwabe-india-phytolacca-berry-mother-tincture-q-otc391484
193,Dr Willmar Schwabe India Topi Thuja Cream,tube of 25 gm Cream,₹75,₹63,/otc/dr-willmar-schwabe-india-topi-thuja-cream-otc327365
194,SBL Mercurius Solubilis Dilution 30 CH,bottle of 30 ml Dilution,₹90,₹77,/otc/sbl-mercurius-solubilis-dilution-30-ch-otc338313
195,SBL Antimonium Tartaricum Dilution 30 CH,bottle of 30 ml Dilution,₹90,₹77,/otc/sbl-antimonium-tartaricum-dilution-30-ch-otc338380
196,SBL Withania Somnifera Mother Tincture Q,bottle of 30 ml Mother Tincture,₹105,₹86,/otc/sbl-withania-somnifera-mother-tincture-q-otc338405
197,SBL Hypericum Perforatum Dilution 200 CH,bottle of 30 ml Dilution,₹100,₹84,/otc/sbl-hypericum-perforatum-dilution-200-ch-otc347950
198,SBL Pothos Foetidus Mother Tincture Q,bottle of 30 ml Mother Tincture,₹365,₹303,/otc/sbl-pothos-foetidus-mother-tincture-q-otc338428
199,SBL Alfalfa Tonic Paediatric,bottle of 180 ml Tonic,₹165,₹139,/otc/sbl-alfalfa-tonic-paediatric-otc328980
200,SBL Stobal Cough Syrup,bottle of 115 ml Syrup,₹110,₹99,/otc/sbl-stobal-cough-syrup-otc328987
201,SBL Drops No. 3 (For UTI),bottle of 30 ml Drop,₹175,₹146,/otc/sbl-drops-no.-3-for-uti-otc329039
202,SBL Causticum Dilution 200 CH,bottle of 30 ml Dilution,₹100,₹84,/otc/sbl-causticum-dilution-200-ch-otc346123
203,SBL Cantharis Mother Tincture Q,bottle of 30 ml Mother Tincture,₹315,₹267,/otc/sbl-cantharis-mother-tincture-q-otc338508
204,Allen A87 Creatinine & Blood Urea Drop,bottle of 30 ml Drop,₹170,₹143,/otc/allen-a87-creatinine-blood-urea-drop-otc330464
205,SBL Aesculus Ointment,tube of 25 gm Ointment,₹70,₹57,/otc/sbl-aesculus-ointment-otc330972
206,Dr Willmar Schwabe India Passiflora Incarnata Mother Tincture Q,bottle of 30 ml Mother Tincture,₹120,₹102,/otc/dr-willmar-schwabe-india-passiflora-incarnata-mother-tincture-q-otc391475
207,SBL Ruta Graveolens Dilution 200 CH,bottle of 30 ml Dilution,₹100,₹84,/otc/sbl-ruta-graveolens-dilution-200-ch-otc348620
208,SBL Justicia Adhatoda Mother Tincture Q,bottle of 30 ml Mother Tincture,₹100,₹85,/otc/sbl-justicia-adhatoda-mother-tincture-q-otc338444
209,SBL Apis Mellifica Dilution 30 CH,bottle of 30 ml Dilution,₹90,₹75,/otc/sbl-apis-mellifica-dilution-30-ch-otc338377
210,SBL Ferrumsip Syrup,bottle of 180 ml Syrup,₹180,₹158,/otc/sbl-ferrumsip-syrup-otc328997
211,SBL Natrum Muriaticum Biochemic Tablet 6X,bottle of 25 gm Biochemic Tablet,₹95,₹79,/otc/sbl-natrum-muriaticum-biochemic-tablet-6x-otc330938
212,Dr Willmar Schwabe India Hydrastis Canadensis Mother Tincture Q,bottle of 30 ml Mother Tincture,₹515,₹433,/otc/dr-willmar-schwabe-india-hydrastis-canadensis-mother-tincture-q-otc391074
213,ADEL 2 Apo-Ham Drop,bottle of 20 ml Drop,₹295,₹262,/otc/adel-2-apo-ham-drop-otc327734
214,SBL Silicea Dilution 200 CH,bottle of 30 ml Dilution,₹105,₹86,/otc/sbl-silicea-dilution-200-ch-otc338177
215,SBL Agnus Castus Dilution 30 CH,bottle of 30 ml Dilution,₹95,₹81,/otc/sbl-agnus-castus-dilution-30-ch-otc345716
216,SBL Pulsatilla Nigricans Dilution 30 CH,bottle of 30 ml Dilution,₹95,₹85,/otc/sbl-pulsatilla-nigricans-dilution-30-ch-otc338190
217,SBL Hepar Sulphur Dilution 30 CH,bottle of 30 ml Dilution,₹90,₹76,/otc/sbl-hepar-sulphur-dilution-30-ch-otc338323
218,SBL Natrum Phosphoricum Biochemic Tablet 6X,bottle of 25 gm Biochemic Tablet,₹105,₹88,/otc/sbl-natrum-phosphoricum-biochemic-tablet-6x-otc330946
219,Bhargava Tumorin Drop,bottle of 30 ml Drop,₹166,₹149,/otc/bhargava-tumorin-drop-otc327451
220,SBL Wiesbaden Dilution 30 CH,bottle of 30 ml Dilution,₹90,₹75,/otc/sbl-wiesbaden-dilution-30-ch-otc348695
221,SBL AF-Tabs Tablet,bottle of 25 gm Tablet,₹155,₹131,/otc/sbl-af-tabs-tablet-otc328992
222,SBL Drops No. 1 (For Hair Care),bottle of 30 ml Drop,₹175,₹156,/otc/sbl-drops-no.-1-for-hair-care-otc325890
223,Dr Willmar Schwabe India Berberis Vulgaris Mother Tincture Q,bottle of 30 ml Mother Tincture,₹105,₹89,/otc/dr-willmar-schwabe-india-berberis-vulgaris-mother-tincture-q-otc390805
224,Bakson's Wart Aid Tablet,bottle of 75 tablets,₹215,₹187,/otc/bakson-s-wart-aid-tablet-otc326041
225,Dr Willmar Schwabe India Nux Vomica Dilution 30 CH,bottle of 30 ml Dilution,₹90,₹76,/otc/dr-willmar-schwabe-india-nux-vomica-dilution-30-ch-otc394792
226,SBL AT-Tabs Ant- Traumatic Tablet,bottle of 25 gm Tablet,₹155,₹131,/otc/sbl-at-tabs-ant-traumatic-tablet-otc328994
227,Dr Willmar Schwabe India Aesculus Pentarkan Drop,bottle of 30 ml Drop,₹175,₹149,/otc/dr-willmar-schwabe-india-aesculus-pentarkan-drop-otc327655
228,ADEL 11 Defaeton Drop,bottle of 20 ml Drop,₹295,₹239,/otc/adel-11-defaeton-drop-otc326112
229,SBL Ocimum Sanctum Mother Tincture Q,bottle of 30 ml Mother Tincture,₹100,₹84,/otc/sbl-ocimum-sanctum-mother-tincture-q-otc338436
230,Dr Willmar Schwabe India Ginseng Mother Tincture Q,bottle of 30 ml Mother Tincture,₹300,₹249,/otc/dr-willmar-schwabe-india-ginseng-mother-tincture-q-otc391010
231,Bjain Syzygium Jambolanum Mother Tincture Q,bottle of 100 ml Mother Tincture,₹185,₹156,/otc/bjain-syzygium-jambolanum-mother-tincture-q-otc329100
232,Dr. Reckeweg Chelidonium Maj Mother Tincture Q,bottle of 20 ml Mother Tincture,₹255,₹221,/otc/dr.-reckeweg-chelidonium-maj-mother-tincture-q-otc327771
233,Bakson's Hair Color Dark Brown Sachet,packet of 1 Sachet,₹50,₹43,/otc/bakson-s-hair-color-dark-brown-sachet-otc499063
234,ADEL 36 Pollon Drop,bottle of 20 ml Drop,₹295,₹248,/otc/adel-36-pollon-drop-otc325883
235,Bakson B22 Sinus Drop,bottle of 30 ml Drop,₹175,₹136,/otc/bakson-b22-sinus-drop-otc388057
236,Dr Willmar Schwabe India Alpha - MP Drop,bottle of 30 ml Drop,₹115,₹97,/otc/dr-willmar-schwabe-india-alpha-mp-drop-otc326047
237,SBL Silicea Biochemic Tablet 6X,bottle of 25 gm Biochemic Tablet,₹95,₹80,/otc/sbl-silicea-biochemic-tablet-6x-otc368309
238,Boericke and Tafel Anti-Dandruff Shampoo,bottle of 150 ml Shampoo,₹145,₹106,/otc/boericke-and-tafel-anti-dandruff-shampoo-otc388285
239,Dr Willmar Schwabe India Topi Berberis Aquifolium Cream,tube of 25 gm Cream,₹75,₹67,/otc/dr-willmar-schwabe-india-topi-berberis-aquifolium-cream-otc326145
240,Dr Willmar Schwabe India Crataegus Oxyacantha Mother Tincture Q,bottle of 30 ml Mother Tincture,₹105,₹89,/otc/dr-willmar-schwabe-india-crataegus-oxyacantha-mother-tincture-q-otc390911
241,SBL Thuja Occidentalis Dilution 30 CH,bottle of 30 ml Dilution,₹90,₹76,/otc/sbl-thuja-occidentalis-dilution-30-ch-otc338171
242,SBL Fraxinus Americana Mother Tincture Q,bottle of 30 ml Mother Tincture,₹315,₹265,/otc/sbl-fraxinus-americana-mother-tincture-q-otc338485
243,Dr Willmar Schwabe India Rauwolfia Serpentina Mother Tincture Q,bottle of 30 ml Mother Tincture,₹105,₹90,/otc/dr-willmar-schwabe-india-rauwolfia-serpentina-mother-tincture-q-otc391561
244,ADEL 6 Apo-Strum Drop,bottle of 20 ml Drop,₹295,₹259,/otc/adel-6-apo-strum-drop-otc326117
245,SBL Silk N Stay Antiseptic Calendula Soap,box of 75 gm Soap,₹50,₹39,/otc/sbl-silk-n-stay-antiseptic-calendula-soap-otc330955
246,SBL Blatta Orientalis Mother Tincture Q,bottle of 30 ml Mother Tincture,₹140,₹115,/otc/sbl-blatta-orientalis-mother-tincture-q-otc338511
247,ADEL 66 Toxex Drop,bottle of 20 ml Drop,₹295,₹246,/otc/adel-66-toxex-drop-otc326069
248,Bhargava Garcinia Cambogia Drop,bottle of 30 ml Drop,₹349,₹289,/otc/bhargava-garcinia-cambogia-drop-otc388385
249,ADEL 21 Proscenat Drop,bottle of 20 ml Drop,₹295,₹246,/otc/adel-21-proscenat-drop-otc326098
250,Dr Willmar Schwabe India Rauwolfia Serpentina Tablet 1X,bottle of 20 gm Tablet,₹165,₹139,/otc/dr-willmar-schwabe-india-rauwolfia-serpentina-tablet-1x-otc327283
251,German's No Piles Care and Cure Drop,bottle of 30 ml Drop,₹160,₹144,/otc/german-s-no-piles-care-and-cure-drop-otc650015
252,Boericke and Tafel Glow & Fairness Soap,packet of 75 gm Soap,₹50,₹40,/otc/boericke-and-tafel-glow-fairness-soap-otc498711
253,SBL Drops No. 6 (For Joint Pain),bottle of 30 ml Drop,₹175,₹143,/otc/sbl-drops-no.-6-for-joint-pain-otc329041
254,Bakson's Rheum Aid Tablet,bottle of 75 tablets,₹200,₹174,/otc/bakson-s-rheum-aid-tablet-otc402192
255,ADEL 25 Somcupin Drop,bottle of 20 ml Drop,₹295,₹255,/otc/adel-25-somcupin-drop-otc326095
256,SBL Cineraria Maritima Eye Drops Free From Alcohol,bottle of 10 ml Eye Drop,₹110,₹95,/otc/sbl-cineraria-maritima-eye-drops-free-from-alcohol-otc752842
257,Dr Willmar Schwabe India Syzygium Jambolanum Trituration Tablet 1X,bottle of 20 gm Trituration Tablet,₹165,₹138,/otc/dr-willmar-schwabe-india-syzygium-jambolanum-trituration-tablet-1x-otc325930
258,SBL Nuphar Lutea Mother Tincture Q,bottle of 30 ml Mother Tincture,₹315,₹261,/otc/sbl-nuphar-lutea-mother-tincture-q-otc338439
259,ADEL 5 Apo-Stom Drop,bottle of 20 ml Drop,₹295,₹243,/otc/adel-5-apo-stom-drop-otc326118
260,SBL Hydrangea Arborescens Mother Tincture Q,bottle of 30 ml Mother Tincture,₹150,₹124,/otc/sbl-hydrangea-arborescens-mother-tincture-q-otc338476
261,SBL Calcarea Phosphorica Biochemic Tablet 12X,bottle of 25 gm Biochemic Tablet,₹105,₹88,/otc/sbl-calcarea-phosphorica-biochemic-tablet-12x-otc331092
262,Allen A82 Premature Greying Of Hair Drop,bottle of 30 ml Drop,₹170,₹142,/otc/allen-a82-premature-greying-of-hair-drop-otc330331
263,Allen A70 I.B.S.(Irritable Bowel Syndrome) Drop,bottle of 30 ml Drop,₹170,₹145,/otc/allen-a70-i.b.s.-irritable-bowel-syndrome-drop-otc330218
264,SBL Allium Sativum Mother Tincture Q,bottle of 30 ml Mother Tincture,₹100,₹84,/otc/sbl-allium-sativum-mother-tincture-q-otc338524
265,SBL Chionanthus Virginica Mother Tincture Q,bottle of 30 ml Mother Tincture,₹345,₹280,/otc/sbl-chionanthus-virginica-mother-tincture-q-otc338499
266,Bakson's Mig Aid Tablet,bottle of 75 tablets,₹200,₹174,/otc/bakson-s-mig-aid-tablet-otc327318
267,ADEL 44 Venorbis Drop,bottle of 20 ml Drop,₹295,₹255,/otc/adel-44-venorbis-drop-otc326083
268,Bakson's Calci Aid Tablet,bottle of 75 tablets,₹200,₹153,/otc/bakson-s-calci-aid-tablet-otc327082
269,SBL Thyroidinum Trituration Tablet 6X,bottle of 25 gm Trituration Tablet,₹165,₹140,/otc/sbl-thyroidinum-trituration-tablet-6x-otc338955
270,Dr Willmar Schwabe India Thuja Occidentalis Dilution 200 CH,bottle of 30 ml Dilution,₹105,₹87,/otc/dr-willmar-schwabe-india-thuja-occidentalis-dilution-200-ch-otc406388
271,SBL Five Phos A+ Nerve Tonic,bottle of 115 ml Tonic,₹125,₹109,/otc/sbl-five-phos-a-nerve-tonic-otc396895
272,Allen Dewarts Cream,tube of 25 gm Cream,₹90,₹79,/otc/allen-dewarts-cream-otc330457
273,SBL Drops No. 7 (For Sinusitis),bottle of 30 ml Drop,₹175,₹148,/otc/sbl-drops-no.-7-for-sinusitis-otc329040
274,Bakson's Natrum Sulphuricum Biochemic Tablet 30X,bottle of 4500 biochemic tablets,₹655,₹589,/otc/bakson-s-natrum-sulphuricum-biochemic-tablet-30x-otc695560
275,SBL Yohimbinum Mother Tincture Q,bottle of 30 ml Mother Tincture,₹315,₹258,/otc/sbl-yohimbinum-mother-tincture-q-otc348873
276,Bakson's Kali Phosphoricum Biochemic Tablet 30X,bottle of 4500 biochemic tablets,₹655,₹589,/otc/bakson-s-kali-phosphoricum-biochemic-tablet-30x-otc695194
277,SBL Agnus Castus Mother Tincture Q,bottle of 30 ml Mother Tincture,₹120,₹107,/otc/sbl-agnus-castus-mother-tincture-q-otc338531
278,SBL Kalmegh Syrup,bottle of 115 ml Syrup,₹110,₹99,/otc/sbl-kalmegh-syrup-otc331014
279,SBL Alfalfa Tonic with Ginseng Sugar Free,bottle of 180 ml Tonic,₹185,₹154,/otc/sbl-alfalfa-tonic-with-ginseng-sugar-free-otc328978
280,SBL Tonsilat Tablet,bottle of 25 gm Tablet,₹155,₹119,/otc/sbl-tonsilat-tablet-otc329027
281,Allen A15 Indigestion Gas & Acidity Drop,bottle of 30 ml Drop,₹170,₹143,/otc/allen-a15-indigestion-gas-acidity-drop-otc330266
282,SBL Fucus Vesiculosus Mother Tincture Q,bottle of 30 ml Mother Tincture,₹140,₹115,/otc/sbl-fucus-vesiculosus-mother-tincture-q-otc338484
283,Bakson B69 Sciatica Drop,bottle of 30 ml Drop,₹175,₹147,/otc/bakson-b69-sciatica-drop-otc388126
284,Dr Willmar Schwabe India Tribulus Terrestris Mother Tincture Q,bottle of 30 ml Mother Tincture,₹105,₹90,/otc/dr-willmar-schwabe-india-tribulus-terrestris-mother-tincture-q-otc391564
285,SBL Symphytum Officinale Mother Tincture Q,bottle of 30 ml Mother Tincture,₹140,₹115,/otc/sbl-symphytum-officinale-mother-tincture-q-otc338413
286,Dr Willmar Schwabe India Alfalfa Tonic For Children,bottle of 100 ml Tonic,₹125,₹103,/otc/dr-willmar-schwabe-india-alfalfa-tonic-for-children-otc407044
287,SBL Aurum Muriaticum Natronatum Trituration Tablet 3X,bottle of 25 gm Trituration Tablet,₹285,₹237,/otc/sbl-aurum-muriaticum-natronatum-trituration-tablet-3x-otc339037
288,Allen A92 C.K.D.(Chronic Kidney Diseases) Drop,bottle of 30 ml Drop,₹160,₹133,/otc/allen-a92-c.k.d.-chronic-kidney-diseases-drop-otc330463
289,SBL Phytolacca Berry Tablet,bottle of 25 gm Tablet,₹145,₹121,/otc/sbl-phytolacca-berry-tablet-otc330968
290,SBL Crataegus Oxyacantha Q Mother Tincture,bottle of 100 ml Mother Tincture,₹186,₹155,/otc/sbl-crataegus-oxyacantha-q-mother-tincture-otc651691
291,Bakson's Diab Aid Drop,bottle of 30 ml Drop,₹155,₹129,/otc/bakson-s-diab-aid-drop-otc326086
292,ADEL 83 Bronchi-Pertu Syrup,bottle of 150 ml Syrup,₹485,₹389,/otc/adel-83-bronchi-pertu-syrup-otc326054
293,Dr Willmar Schwabe India Alpha - TS Drop,bottle of 30 ml Drop,₹115,₹98,/otc/dr-willmar-schwabe-india-alpha-ts-drop-otc325917
294,SBL Thiosinaminum Trituration Tablet 3X,bottle of 25 gm Trituration Tablet,₹165,₹137,/otc/sbl-thiosinaminum-trituration-tablet-3x-otc338959
295,Dr Willmar Schwabe India Nisikind Globules,bottle of 10 gm Globules,₹120,₹100,/otc/dr-willmar-schwabe-india-nisikind-globules-otc327660
296,Bakson's Flu Aid Tablet,bottle of 75 tablets,₹200,₹167,/otc/bakson-s-flu-aid-tablet-otc327081
297,SBL Sarsaparilla Mother Tincture Q,bottle of 30 ml Mother Tincture,₹220,₹182,/otc/sbl-sarsaparilla-mother-tincture-q-otc338420
298,Dr Willmar Schwabe India Aspidosperma Mother Tincture Q,bottle of 30 ml Mother Tincture,₹210,₹178,/otc/dr-willmar-schwabe-india-aspidosperma-mother-tincture-q-otc390789
299,Dr Willmar Schwabe India Alpha - Acid Tablet,bottle of 20 gm Tablet,₹190,₹160,/otc/dr-willmar-schwabe-india-alpha-acid-tablet-otc328839
300,SBL Cineraria Maritima Eye Drops Free From Alcohol,bottle of 5 ml Eye Drop,₹60,₹52,/otc/sbl-cineraria-maritima-eye-drops-free-from-alcohol-otc752841
301,Dr Willmar Schwabe India Nuphar Lutea Mother Tincture Q,bottle of 30 ml Mother Tincture,₹265,₹220,/otc/dr-willmar-schwabe-india-nuphar-lutea-mother-tincture-q-otc391411
302,SBL Kali Phosphoricum Biochemic Tablet 12X,bottle of 25 gm Biochemic Tablet,₹105,₹88,/otc/sbl-kali-phosphoricum-biochemic-tablet-12x-otc331043
303,Dr Willmar Schwabe India Hamamelis Virginica Mother Tincture Q,bottle of 30 ml Mother Tincture,₹140,₹90,/otc/dr-willmar-schwabe-india-hamamelis-virginica-mother-tincture-q-otc391051
304,SBL Sleeptite Tablet,bottle of 25 gm Tablet,₹155,₹131,/otc/sbl-sleeptite-tablet-otc329013
305,Dr Willmar Schwabe India Damiana Mother Tincture Q,bottle of 30 ml Mother Tincture,₹140,₹116,/otc/dr-willmar-schwabe-india-damiana-mother-tincture-q-otc390932
306,Bakson's Alfalfa Tonic with Ginseng,bottle of 450 ml Tonic,₹305,₹253,/otc/bakson-s-alfalfa-tonic-with-ginseng-otc502632
307,ADEL 16 Gastul Drop,bottle of 20 ml Drop,₹295,₹246,/otc/adel-16-gastul-drop-otc327732
308,SBL Ache-Nil Drop,bottle of 30 ml Drop,₹100,₹83,/otc/sbl-ache-nil-drop-otc357578
309,SBL Gaultheria Procumbens Mother Tincture Q,bottle of 30 ml Mother Tincture,₹315,₹257,/otc/sbl-gaultheria-procumbens-mother-tincture-q-otc348919
310,SBL Paeonia Officianalis Mother Tincture Q,bottle of 30 ml Mother Tincture,₹315,₹258,/otc/sbl-paeonia-officianalis-mother-tincture-q-otc349003
311,ADEL 79 Ferrodona Tonic,bottle of 250 ml Tonic,₹860,₹774,/otc/adel-79-ferrodona-tonic-otc327719
312,Wheezal Eye Bright Eye Drop,bottle of 10 ml Eye Drop,₹100,₹67,/otc/wheezal-eye-bright-eye-drop-otc339231
313,Dr Willmar Schwabe India Ginseng MT Tablet 1X,bottle of 20 gm Tablet,₹310,₹257,/otc/dr-willmar-schwabe-india-ginseng-mt-tablet-1x-otc327334
314,Dr. Reckeweg Aspidosperma Mother Tincture Q,bottle of 20 ml Mother Tincture,₹335,₹291,/otc/dr.-reckeweg-aspidosperma-mother-tincture-q-otc327797
315,SBL Bio-Combination 10 Tablet,bottle of 25 gm Biocombination Tablet,₹105,₹85,/otc/sbl-bio-combination-10-tablet-otc331046
316,Dr Willmar Schwabe India Carduus Marianus Mother Tincture Q,bottle of 30 ml Mother Tincture,₹140,₹126,/otc/dr-willmar-schwabe-india-carduus-marianus-mother-tincture-q-otc390832
317,Dr Willmar Schwabe India Alpha - HA Drop,bottle of 30 ml Drop,₹115,₹91,/otc/dr-willmar-schwabe-india-alpha-ha-drop-otc327175
318,Bakson's Nasal Aid Spray,bottle of 10 ml Spray,₹125,₹107,/otc/bakson-s-nasal-aid-spray-otc326068
319,ADEL 22 Renelix Drop,bottle of 20 ml Drop,₹295,₹246,/otc/adel-22-renelix-drop-otc327179
320,Bakson B9 Hemorrhoidal Drop,bottle of 30 ml Drop,₹175,₹144,/otc/bakson-b9-hemorrhoidal-drop-otc388012
321,Hapdco B.Ve. Phos Children Tonic,bottle of 450 ml Tonic,₹310,₹263,/otc/hapdco-b.ve.-phos-children-tonic-otc386091
322,Allen Snorid Drop,bottle of 30 ml Drop,₹160,₹110,/otc/allen-snorid-drop-otc330383
323,Allen Osteofit Tablet,bottle of 25 gm Tablet,₹160,₹135,/otc/allen-osteofit-tablet-otc330409
324,Dr Willmar Schwabe India Alpha - WD Drop,bottle of 30 ml Drop,₹110,₹90,/otc/dr-willmar-schwabe-india-alpha-wd-drop-otc327174
325,SBL Ceanothus Americanus Mother Tincture Q,bottle of 30 ml Mother Tincture,₹315,₹258,/otc/sbl-ceanothus-americanus-mother-tincture-q-otc338505
326,ADEL 78 Dercut Ointment,tube of 35 gm Ointment,₹510,₹459,/otc/adel-78-dercut-ointment-otc326056
327,SBL Cineraria Maritima Euphrasia Eye Drop,bottle of 5 ml Eye Drop,₹60,₹49,/otc/sbl-cineraria-maritima-euphrasia-eye-drop-otc329018
328,Dr. Reckeweg R4 Diarrhoea Drop,bottle of 22 ml Drop,₹270,₹228,/otc/dr.-reckeweg-r4-diarrhoea-drop-otc326080
329,Dr Willmar Schwabe India Kali Phosphoricum Biochemic Tablet 6X,bottle of 550 gm Biochemic Tablet,₹670,₹556,/otc/dr-willmar-schwabe-india-kali-phosphoricum-biochemic-tablet-6x-otc448606
330,Wheezal Nosoline Nasal Spray,bottle of 10 ml Nasal Spray,₹110,₹92,/otc/wheezal-nosoline-nasal-spray-otc367460
331,REPL Dr. Advice No.70 Nodules Drop,bottle of 30 ml Drop,₹180,₹147,/otc/repl-dr.-advice-no.70-nodules-drop-otc339407
332,Dr Willmar Schwabe India Phytolacca Berry Tablet (4 in 1 Combo Pack) Tablet,bottle of 80 gm Tablet,₹616,₹518,/otc/dr-willmar-schwabe-india-phytolacca-berry-tablet-4-in-1-combo-pack-tablet-otc328855
333,ADEL Acid Phos Mother Tincture Q,bottle of 20 ml Mother Tincture,₹270,₹243,/otc/adel-acid-phos-mother-tincture-q-otc327070
334,Allen A90 Ovarian Cysts Drop,bottle of 30 ml Drop,₹160,₹133,/otc/allen-a90-ovarian-cysts-drop-otc330237
335,Bakson's Beepee Aid Drop,bottle of 30 ml Drop,₹160,₹128,/otc/bakson-s-beepee-aid-drop-otc326088
336,Bakson's Pelvi Aid Tablet,bottle of 75 tablets,₹200,₹171,/otc/bakson-s-pelvi-aid-tablet-otc326063
337,Bakson's Chrysarobinum Ointment,tube of 25 gm Ointment,₹70,₹62,/otc/bakson-s-chrysarobinum-ointment-otc326024
338,Bakson's Gastro Aid Syrup,bottle of 450 ml Syrup,₹275,₹219,/otc/bakson-s-gastro-aid-syrup-otc502785
339,Allen A02 Anti Fungal Drop,bottle of 30 ml Drop,₹160,₹135,/otc/allen-a02-anti-fungal-drop-otc330447
340,Wheezal Renal Forte Drop,bottle of 30 ml Drop,₹140,₹126,/otc/wheezal-renal-forte-drop-otc339234
341,Bakson's Phytolacca Berry Tablet,bottle of 200 tablets,₹460,₹355,/otc/bakson-s-phytolacca-berry-tablet-otc502895
342,ADEL 73 Mucan Drop,bottle of 20 ml Drop,₹295,₹246,/otc/adel-73-mucan-drop-otc326062
343,SBL Kali Phosphoricum Dilution 30 CH,bottle of 30 ml Dilution,₹90,₹73,/otc/sbl-kali-phosphoricum-dilution-30-ch-otc348051
344,SBL Drops No. 9 ( For Cough),bottle of 30 ml Drop,₹175,₹147,/otc/sbl-drops-no.-9-for-cough-otc339778
345,Dr Willmar Schwabe India Topi Aesculus Cream,tube of 25 gm Cream,₹75,₹61,/otc/dr-willmar-schwabe-india-topi-aesculus-cream-otc499173
346,Bjain Jaborandi Mother Tincture Q,bottle of 100 ml Mother Tincture,₹330,₹277,/otc/bjain-jaborandi-mother-tincture-q-otc445151
347,ADEL 1 Apo-Dolor Drop,bottle of 20 ml Drop,₹295,₹259,/otc/adel-1-apo-dolor-drop-otc326144
348,SBL Argentum Nitricum Dilution 200 CH,bottle of 30 ml Dilution,₹105,₹94,/otc/sbl-argentum-nitricum-dilution-200-ch-otc345910
349,Bakson's Acne Aid Tablet,bottle of 75 tablets,₹200,₹172,/otc/bakson-s-acne-aid-tablet-otc659535
350,Bakson B1 Influenza & Fever Drop,bottle of 30 ml Drop,₹175,₹140,/otc/bakson-b1-influenza-fever-drop-otc387989
351,Allen A26 Piles Drop,bottle of 30 ml Drop,₹160,₹135,/otc/allen-a26-piles-drop-otc330467
352,Rxhomeo Bryonia Alba Pellets 30C,bottle of 750 pellets,₹90,₹74,/otc/rxhomeo-bryonia-alba-pellets-30c-otc640841
353,Bakson's Kof Aid Cough Syrup,bottle of 450 ml Syrup,₹260,₹195,/otc/bakson-s-kof-aid-cough-syrup-otc502844
354,SBL Arsenicum Sulph Flavum Trituration Tablet 3X,bottle of 25 gm Trituration Tablet,₹165,₹147,/otc/sbl-arsenicum-sulph-flavum-trituration-tablet-3x-otc339039
355,Allen A69 Anal Fissures Drop,bottle of 30 ml Drop,₹170,₹141,/otc/allen-a69-anal-fissures-drop-otc330466
356,Bakson's Kali Phosphoricum Biochemic Tablet 3X,bottle of 4500 biochemic tablets,₹655,₹589,/otc/bakson-s-kali-phosphoricum-biochemic-tablet-3x-otc695196
357,Dr Willmar Schwabe India Aurum Muriaticum Natronatum Trituration Tablet 3X,bottle of 20 gm Trituration Tablet,₹250,₹208,/otc/dr-willmar-schwabe-india-aurum-muriaticum-natronatum-trituration-tablet-3x-otc401631
358,SBL Solidago Virgaurea Mother Tincture Q,bottle of 30 ml Mother Tincture,₹315,₹258,/otc/sbl-solidago-virgaurea-mother-tincture-q-otc348963
359,Bakson's Natrum Muriaticum Biochemic Tablet 12X,bottle of 4500 biochemic tablets,₹655,₹589,/otc/bakson-s-natrum-muriaticum-biochemic-tablet-12x-otc695228
360,Bakson's Biocombination 11 Tablet,bottle of 4500 biocombination tablets,₹655,₹589,/otc/bakson-s-biocombination-11-tablet-otc694620
361,Allen A44 Hyper Acidity & Ulcer Drop,bottle of 30 ml Drop,₹160,₹135,/otc/allen-a44-hyper-acidity-ulcer-drop-otc330269
362,Bakson B28 Weight Drop,bottle of 30 ml Drop,₹175,₹137,/otc/bakson-b28-weight-drop-otc388070
363,Hapdco B.Ve. Phos Children Tonic,bottle of 200 ml Tonic,₹190,₹155,/otc/hapdco-b.ve.-phos-children-tonic-otc357524
364,Bakson's Sunny Fairness Cream for Women,tube of 100 gm Cream,₹150,₹123,/otc/bakson-s-sunny-fairness-cream-for-women-otc326227
365,Bakson's Sunny Fairness Cream for Men,tube of 100 gm Cream,₹160,₹130,/otc/bakson-s-sunny-fairness-cream-for-men-otc367925
366,Lord's Cratin Drop,bottle of 30 ml Drop,₹160,₹139,/otc/lord-s-cratin-drop-otc392875
367,Wheezal Arnica Hair N Scalp Treatment Homeopathic Medicine,bottle of 100 ml Liquid,₹120,₹102,/otc/wheezal-arnica-hair-n-scalp-treatment-homeopathic-medicine-otc339197
368,Bakson's Hair Aid Drop Dual Pack (30ml Each),box of 2 bottles,₹215,₹136,/otc/bakson-s-hair-aid-drop-dual-pack-30ml-each-otc326071
369,SBL Baryta Carbonicum Dilution 30 CH,bottle of 30 ml Dilution,₹95,₹78,/otc/sbl-baryta-carbonicum-dilution-30-ch-otc346001
370,New Life NL-4 Gall-B-Tone Drop,bottle of 30 ml Drop,₹150,₹135,/otc/new-life-nl-4-gall-b-tone-drop-otc489178
371,Bakson's Aloevera Calendula Cream,jar of 250 gm Cream,₹290,₹247,/otc/bakson-s-aloevera-calendula-cream-otc325908
372,Bakson B16 Vertigo Drop,bottle of 30 ml Drop,₹175,₹144,/otc/bakson-b16-vertigo-drop-otc388047
373,ADEL Berberis Vulg Mother Tincture Q,bottle of 20 ml Mother Tincture,₹270,₹243,/otc/adel-berberis-vulg-mother-tincture-q-otc328879
374,SBL Hekla Lava Trituration Tablet 3X,bottle of 25 gm Trituration Tablet,₹165,₹148,/otc/sbl-hekla-lava-trituration-tablet-3x-otc338992
375,ADEL Alfalfa Tonic with Ginseng,bottle of 500 ml Tonic,₹1250,₹1125,/otc/adel-alfalfa-tonic-with-ginseng-otc724466
376,Wheezal WL40 Varicose Veins Drop,bottle of 30 ml Drop,₹170,₹136,/otc/wheezal-wl40-varicose-veins-drop-otc387924
377,Wheezal WL36 Sciatica & Slip Disc Drop,bottle of 30 ml Drop,₹170,₹153,/otc/wheezal-wl36-sciatica-slip-disc-drop-otc387916
378,Rxhomeo Arsenicum Album Pellets 200C,bottle of 750 pellets,₹95,₹83,/otc/rxhomeo-arsenicum-album-pellets-200c-otc640568
379,Hapdco Ferrocin Drop,bottle of 60 ml Drop,₹80,₹64,/otc/hapdco-ferrocin-drop-otc370795
380,Bakson's Arnica Shampoo,bottle of 250 ml Shampoo,₹215,₹180,/otc/bakson-s-arnica-shampoo-otc400756
381,Allen A39 Anti Obesity Drop,bottle of 30 ml Drop,₹170,₹141,/otc/allen-a39-anti-obesity-drop-otc330369
382,SBL Bovista Dilution 6 CH,bottle of 30 ml Dilution,₹95,₹81,/otc/sbl-bovista-dilution-6-ch-otc351396
383,SBL Aralia Racemosa Mother Tincture Q,bottle of 30 ml Mother Tincture,₹150,₹120,/otc/sbl-aralia-racemosa-mother-tincture-q-otc348867
384,ADEL 14 Ferrodona Drop,bottle of 20 ml Drop,₹295,₹231,/otc/adel-14-ferrodona-drop-otc326106
385,Bakson's Compound # 5 Pain Joints Tablet,bottle of 100 tablets,₹120,₹99,/otc/bakson-s-compound-5-pain-joints-tablet-otc502989
386,SBL Lemna Minor Mother Tincture Q,bottle of 30 ml Mother Tincture,₹120,₹108,/otc/sbl-lemna-minor-mother-tincture-q-otc338442
387,Bakson's Alfavena Malt,jar of 500 gm Powder,₹380,₹329,/otc/bakson-s-alfavena-malt-otc538412
388,Allen A08 Diabetes Drop,bottle of 30 ml Drop,₹170,₹143,/otc/allen-a08-diabetes-drop-otc330371
389,SBL Rosmarinus Officinalis Dilution 30 CH,bottle of 30 ml Dilution,₹95,₹82,/otc/sbl-rosmarinus-officinalis-dilution-30-ch-otc348613
390,SBL Ratanhia Dilution 200 CH,bottle of 30 ml Dilution,₹105,₹85,/otc/sbl-ratanhia-dilution-200-ch-otc348589
391,Allen A27 Psoriasis Drop,bottle of 30 ml Drop,₹170,₹141,/otc/allen-a27-psoriasis-drop-otc330443
392,SBL Natrum Arsenicum Dilution 30 CH,bottle of 30 ml Dilution,₹95,₹76,/otc/sbl-natrum-arsenicum-dilution-30-ch-otc348385
393,SBL Calcarea Fluorica Biochemic Tablet 3X,bottle of 25 gm Biochemic Tablet,₹105,₹85,/otc/sbl-calcarea-fluorica-biochemic-tablet-3x-otc331086
394,New Life Bach Flower Willow 30,bottle of 30 ml Dilution,₹125,₹98,/otc/new-life-bach-flower-willow-30-otc386720
395,Bakson's Kof Aid Plus Cough Syrup Sugar Free,bottle of 115 ml Syrup,₹115,₹88,/otc/bakson-s-kof-aid-plus-cough-syrup-sugar-free-otc339719
396,SBL Rinsout Drop Mouthwash,bottle of 30 ml Drop,₹110,₹99,/otc/sbl-rinsout-drop-mouthwash-otc328962
397,Bakson's Tense Aid Tablet,bottle of 75 tablets,₹200,₹172,/otc/bakson-s-tense-aid-tablet-otc327075
398,Allen A79 Depression Drop,bottle of 30 ml Drop,₹170,₹141,/otc/allen-a79-depression-drop-otc330378
399,SBL Arnica Montana Herbal Shampoo with TJC,bottle of 100 ml Shampoo,₹105,₹92,/otc/sbl-arnica-montana-herbal-shampoo-with-tjc-otc329024
400,Bakson B2 Stomach Drop,bottle of 30 ml Drop,₹175,₹154,/otc/bakson-b2-stomach-drop-otc387991
401,Allen A50 H.B.P (High Blood Pressure) Drop,bottle of 30 ml Drop,₹160,₹128,/otc/allen-a50-h.b.p-high-blood-pressure-drop-otc330347
402,SBL Agaricus Muscarius Dilution 30 CH,bottle of 30 ml Dilution,₹95,₹85,/otc/sbl-agaricus-muscarius-dilution-30-ch-otc345713
403,Allen A71 U.T.I. (Urinary Tract Infections) Drop,bottle of 30 ml Drop,₹160,₹139,/otc/allen-a71-u.t.i.-urinary-tract-infections-drop-otc330234
404,Rxhomeo Rhus Toxicodendron Pellets 30C,bottle of 750 pellets,₹90,₹74,/otc/rxhomeo-rhus-toxicodendron-pellets-30c-otc641689
405,SBL Histaminum Dilution 1000 CH,bottle of 30 ml Dilution,₹140,₹115,/otc/sbl-histaminum-dilution-1000-ch-otc348942
406,SBL Silicea Dilution 1000 CH,bottle of 30 ml Dilution,₹135,₹116,/otc/sbl-silicea-dilution-1000-ch-otc338179
407,Allen A31 Warts Drop,bottle of 30 ml Drop,₹170,₹141,/otc/allen-a31-warts-drop-otc330451
408,SBL Wormorid Drop,bottle of 30 ml Drop,₹130,₹116,/otc/sbl-wormorid-drop-otc329008
409,ADEL 43 Cardinorma Drop,bottle of 20 ml Drop,₹295,₹243,/otc/adel-43-cardinorma-drop-otc327725
410,Bakson's Calm Aid Tablet,bottle of 75 tablets,₹200,₹167,/otc/bakson-s-calm-aid-tablet-otc327316
411,SBL Asafoetida Dilution 30 CH,bottle of 30 ml Dilution,₹90,₹73,/otc/sbl-asafoetida-dilution-30-ch-otc345938
412,SBL Medorrhinum Dilution 1000 CH,bottle of 30 ml Dilution,₹135,₹116,/otc/sbl-medorrhinum-dilution-1000-ch-otc348221
413,SBL Pancreatinum Dilution 30 CH,bottle of 30 ml Dilution,₹90,₹72,/otc/sbl-pancreatinum-dilution-30-ch-otc348476
414,Hapdco Mensol Tonic,bottle of 200 ml Tonic,₹200,₹178,/otc/hapdco-mensol-tonic-otc357573
415,Lord's Yohimbinum Trituration Tablet 3X,bottle of 25 gm Trituration Tablet,₹170,₹148,/otc/lord-s-yohimbinum-trituration-tablet-3x-otc561081
416,Lord's Ginseng Tablet,box of 40 tablets,₹110,₹99,/otc/lord-s-ginseng-tablet-otc711482
417,SBL Utrofyne Syrup,bottle of 115 ml Syrup,₹110,₹91,/otc/sbl-utrofyne-syrup-otc329007
418,Allen A74 Hormonal Imbalance Drop,bottle of 30 ml Drop,₹170,₹133,/otc/allen-a74-hormonal-imbalance-drop-otc330238
419,ADEL 33 Apo-Oedem Drop,bottle of 20 ml Drop,₹295,₹228,/otc/adel-33-apo-oedem-drop-otc327728
420,Dr Willmar Schwabe India Curcuma Longa Mother Tincture Q,bottle of 30 ml Mother Tincture,₹105,₹76,/otc/dr-willmar-schwabe-india-curcuma-longa-mother-tincture-q-otc390921
421,Bakson's Phytolacca Berry Tablet,bottle of 75 tablets,₹200,₹159,/otc/bakson-s-phytolacca-berry-tablet-otc502894
422,Bakson's Worm-C Tablet,bottle of 75 tablets,₹200,₹176,/otc/bakson-s-worm-c-tablet-otc659544
423,Bjain Berberis Aquifolium Mother Tincture Q,bottle of 100 ml Mother Tincture,₹480,₹432,/otc/bjain-berberis-aquifolium-mother-tincture-q-otc444630
424,New Life Pilocin Drop,bottle of 30 ml Drop,₹120,₹99,/otc/new-life-pilocin-drop-otc325810
425,Allen's Olivallen Body Massage Oil,bottle of 100 ml Oil,₹90,₹77,/otc/allen-s-olivallen-body-massage-oil-otc371582
426,Allen A77 Stress Drop,bottle of 30 ml Drop,₹170,₹150,/otc/allen-a77-stress-drop-otc330381
427,Allen Crack Care Cream,tube of 25 gm Cream,₹90,₹75,/otc/allen-crack-care-cream-otc330460
428,Hapdco Kalmegh Drop,bottle of 30 ml Drop,₹100,₹82,/otc/hapdco-kalmegh-drop-otc386126
429,Allen A67 Back Pain Drop,bottle of 30 ml Drop,₹170,₹136,/otc/allen-a67-back-pain-drop-otc330405
430,Allen A68 Immunity Drop,bottle of 30 ml Drop,₹170,₹141,/otc/allen-a68-immunity-drop-otc330368
431,SBL Coca Dilution Homeopathic Medicine 30 CH,bottle of 30 ml Dilution,₹95,₹78,/otc/sbl-coca-dilution-homeopathic-medicine-30-ch-otc348959
432,SBL Clematis Erecta Dilution 200 CH,bottle of 30 ml Dilution,₹105,₹92,/otc/sbl-clematis-erecta-dilution-200-ch-otc346188
433,Lord's L 161 Sexual Neurasthenia Drop,bottle of 30 ml Drop,₹160,₹144,/otc/lord-s-l-161-sexual-neurasthenia-drop-otc449179
434,SBL Uranium Nitricum Dilution 30 CH,bottle of 30 ml Dilution,₹95,₹78,/otc/sbl-uranium-nitricum-dilution-30-ch-otc348773
435,Ralson Remedies Ralnofev Fever Control Drops,bottle of 30 ml Drop,₹155,₹138,/otc/ralson-remedies-ralnofev-fever-control-drops-otc455831
436,Wheezal Sarsa Syrup,bottle of 120 ml Syrup,₹130,₹110,/otc/wheezal-sarsa-syrup-otc339153
437,ADEL Calcarea Fluor Biochemic Tablet 6X,bottle of 20 gm Biochemic Tablet,₹180,₹162,/otc/adel-calcarea-fluor-biochemic-tablet-6x-otc326300
438,Hapdco Cineramycin Eye Drop,bottle of 10 ml Eye Drop,₹70,₹57,/otc/hapdco-cineramycin-eye-drop-otc370798
439,SBL Carbo Vegetabilis Dilution 1000 CH,bottle of 30 ml Dilution,₹135,₹119.05,/otc/sbl-carbo-vegetabilis-dilution-1000-ch-otc346104
440,Allen A19 Joint Pains Drop,bottle of 30 ml Drop,₹160,₹135,/otc/allen-a19-joint-pains-drop-otc330404
441,Haslab Drox 20 Pilovarin Drop,bottle of 30 ml Drop,₹156,₹140,/otc/haslab-drox-20-pilovarin-drop-otc339523
442,SBL Neem Face Wash,tube of 100 ml Face Wash,₹155,₹139,/otc/sbl-neem-face-wash-otc342782
443,New Life Bach Flower Olive 30,bottle of 30 ml Dilution,₹100,₹80,/otc/new-life-bach-flower-olive-30-otc386710
444,Dr Willmar Schwabe India Calcarea Fluorica Biochemic Tablet 12X,bottle of 20 gm Biochemic Tablet,₹95,₹60,/otc/dr-willmar-schwabe-india-calcarea-fluorica-biochemic-tablet-12x-otc338253
445,SBL Psorinum Dilution 200 CH,bottle of 30 ml Dilution,₹105,₹92,/otc/sbl-psorinum-dilution-200-ch-otc348553
446,SBL Equisetum Hyemale Mother Tincture Q,bottle of 30 ml Mother Tincture,₹100,₹82,/otc/sbl-equisetum-hyemale-mother-tincture-q-otc348910
447,Dr Willmar Schwabe India Arsenicum Album Dilution CM CH,bottle of 10 ml Dilution,₹325,₹276,/otc/dr-willmar-schwabe-india-arsenicum-album-dilution-cm-ch-otc396370
448,German's Fairness Drop,bottle of 30 ml Drop,₹160,₹120,/otc/german-s-fairness-drop-otc649928
449,Dr Batra's Instant Hair Natural Keratin Hair Building Fibre Black,bottle of 12 gm Powder,₹1899,₹1158,/otc/dr-batra-s-instant-hair-natural-keratin-hair-building-fibre-black-otc432955
450,Dr Willmar Schwabe India Mercurius Solubilis Dilution 30 CH,bottle of 30 ml Dilution,₹90,₹72,/otc/dr-willmar-schwabe-india-mercurius-solubilis-dilution-30-ch-otc405598
451,Bakson's Sulphur Ointment,tube of 25 gm Ointment,₹70,₹57,/otc/bakson-s-sulphur-ointment-otc327238
452,Dr. Reckeweg Kali Phosphoricum Biochemic Tablet 200X,bottle of 20 gm Biochemic Tablet,₹275,₹232,/otc/dr.-reckeweg-kali-phosphoricum-biochemic-tablet-200x-otc334913
453,SBL Ammi Visnaga Mother Tincture Q,bottle of 30 ml Mother Tincture,₹220,₹198,/otc/sbl-ammi-visnaga-mother-tincture-q-otc338523
454,Bio India Complex 10 Sleeping Drop,bottle of 30 ml Drop,₹150,₹131,/otc/bio-india-complex-10-sleeping-drop-otc505363
455,SBL Phytolacca Berry Dilution 200 CH,bottle of 30 ml Dilution,₹105,₹85,/otc/sbl-phytolacca-berry-dilution-200-ch-otc348517
456,Bakson's Aesculus Ointment,tube of 25 gm Ointment,₹70,₹57,/otc/bakson-s-aesculus-ointment-otc326100
457,Wheezal WL57 Anti-Fungal Drop,bottle of 30 ml Drop,₹170,₹151,/otc/wheezal-wl57-anti-fungal-drop-otc387957
458,Dr Willmar Schwabe India Cydonia Vulgaris Dilution 1M,bottle of 30 ml Dilution,₹132,₹115,/otc/dr-willmar-schwabe-india-cydonia-vulgaris-dilution-1m-otc401171
459,SBL Kali Nitricum Dilution 30 CH,bottle of 30 ml Dilution,₹95,₹64,/otc/sbl-kali-nitricum-dilution-30-ch-otc348048
460,SBL Liv T Tonic,bottle of 115 ml Tonic,₹110,₹99,/otc/sbl-liv-t-tonic-otc335733
461,Allen A83 Bed-Wetting Drop,bottle of 30 ml Drop,₹170,₹143,/otc/allen-a83-bed-wetting-drop-otc330426
462,Dr Willmar Schwabe India Muira Puama Mother Tincture Q,bottle of 30 ml Mother Tincture,₹375,₹233,/otc/dr-willmar-schwabe-india-muira-puama-mother-tincture-q-otc391402
463,ADEL Sabal Serr Mother Tincture Q,bottle of 20 ml Mother Tincture,₹270,₹242,/otc/adel-sabal-serr-mother-tincture-q-otc327361
464,SBL Liv-T Paediatric Tonic,bottle of 180 ml Tonic,₹160,₹128,/otc/sbl-liv-t-paediatric-tonic-otc330949
465,Bakson's Super Tonic,bottle of 450 ml Tonic,₹370,₹311,/otc/bakson-s-super-tonic-otc502929
466,ADEL Alfalfa Tonic with Ginseng,bottle of 100 ml Tonic,₹330,₹297,/otc/adel-alfalfa-tonic-with-ginseng-otc326053
467,Bakson's Kof Aid Plus Cough Syrup,bottle of 450 ml Syrup,₹260,₹234,/otc/bakson-s-kof-aid-plus-cough-syrup-otc659093
468,Bakson's Kof Aid Plus Cough Syrup Sugar Free,bottle of 450 ml Syrup,₹240,₹212,/otc/bakson-s-kof-aid-plus-cough-syrup-sugar-free-otc659086
469,SBL Anti-Dandruff Shampoo,bottle of 100 ml Shampoo,₹110,₹94,/otc/sbl-anti-dandruff-shampoo-otc417229
470,Allen A47 Throat Infection Drop,bottle of 30 ml Drop,₹170,₹153,/otc/allen-a47-throat-infection-drop-otc330429
471,Bakson B21 Strength Drop,bottle of 30 ml Drop,₹175,₹142,/otc/bakson-b21-strength-drop-otc388056
472,SBL Salix Nigra Mother Tincture Q,bottle of 30 ml Mother Tincture,₹105,₹85,/otc/sbl-salix-nigra-mother-tincture-q-otc348961
473,Boiron Arsenicum Album Pellets 30C,bottle of 80 pellets,₹170,₹153,/otc/boiron-arsenicum-album-pellets-30c-otc407277
474,Bakson B34 Tumour Drop,bottle of 30 ml Drop,₹175,₹142,/otc/bakson-b34-tumour-drop-otc388083
475,Medisynth Angio Card Gold Plus Drop,bottle of 30 ml Drop,₹175,₹133,/otc/medisynth-angio-card-gold-plus-drop-otc339278
476,Hapdco Fairway Cream,tube of 25 gm Cream,₹95,₹85,/otc/hapdco-fairway-cream-otc357600
477,Bjain Omeo Alfa Alfa Malt Energy Booster,jar of 450 gm Paste,₹310,₹276,/otc/bjain-omeo-alfa-alfa-malt-energy-booster-otc425843
478,Hapdco Pilodex Ointment,tube of 25 gm Ointment,₹85,₹68,/otc/hapdco-pilodex-ointment-otc370780
479,Bakson B49 Astha Drop,bottle of 30 ml Drop,₹175,₹140,/otc/bakson-b49-astha-drop-otc388099
480,ADEL Thiosinaminum Trituration Tablet 3X,bottle of 20 gm Trituration Tablet,₹280,₹252,/otc/adel-thiosinaminum-trituration-tablet-3x-otc329090
481,Bakson's Bouchi Oil,bottle of 100 ml Oil,₹240,₹206,/otc/bakson-s-bouchi-oil-otc480207
482,Allen Fair Touch Cream,tube of 25 gm Cream,₹90,₹74,/otc/allen-fair-touch-cream-otc330456
483,Fourrts Douglas Cream,jar of 125 gm Cream,₹300,₹270,/otc/fourrts-douglas-cream-otc477495
484,SBL Bio-Combination 13 Tablet,bottle of 25 gm Biocombination Tablet,₹105,₹84,/otc/sbl-bio-combination-13-tablet-otc331053
485,ADEL Paeonia Off Mother Tincture Q,bottle of 20 ml Mother Tincture,₹340,₹306,/otc/adel-paeonia-off-mother-tincture-q-otc327458
486,SBL Causticum Dilution 1000 CH,bottle of 30 ml Dilution,₹140,₹94,/otc/sbl-causticum-dilution-1000-ch-otc346124
487,Bjain Aspidosperma Quebracho Mother Tincture Q,bottle of 100 ml Mother Tincture,₹460,₹264,/otc/bjain-aspidosperma-quebracho-mother-tincture-q-otc444422
488,Dr Willmar Schwabe India Usnea Barbata Mother Tincture Q,bottle of 30 ml Mother Tincture,₹120,₹101,/otc/dr-willmar-schwabe-india-usnea-barbata-mother-tincture-q-otc391537
489,Similia Rhus Tox Dilution 30 CH,bottle of 30 ml Dilution,₹95,₹79,/otc/similia-rhus-tox-dilution-30-ch-otc611615
490,SBL Avena Sativa Dilution 30 CH,bottle of 30 ml Dilution,₹95,₹68,/otc/sbl-avena-sativa-dilution-30-ch-otc345989
491,Allen A35 Asthma Drop,bottle of 30 ml Drop,₹160,₹133,/otc/allen-a35-asthma-drop-otc330430
492,SBL Bryonia Alba Mother Tincture Q,bottle of 30 ml Mother Tincture,₹140,₹122.2,/otc/sbl-bryonia-alba-mother-tincture-q-otc348880
493,SBL Agaricus Muscarius Dilution 200 CH,bottle of 30 ml Dilution,₹105,₹92,/otc/sbl-agaricus-muscarius-dilution-200-ch-otc345714
494,Dr Willmar Schwabe India Ruta Graveolens Dilution 30 CH,bottle of 30 ml Dilution,₹90,₹74,/otc/dr-willmar-schwabe-india-ruta-graveolens-dilution-30-ch-otc393294
495,REPL Dr. Advice No.47 Goutidine Drop,bottle of 30 ml Drop,₹180,₹129,/otc/repl-dr.-advice-no.47-goutidine-drop-otc339382
496,Bakson B57 Memory Drop,bottle of 30 ml Drop,₹175,₹128,/otc/bakson-b57-memory-drop-otc388109
497,Allen Anti Warts Combo (A31 + Dewarts Cream),packet of 1 Kit,₹285,₹248,/otc/allen-anti-warts-combo-a31-dewarts-cream-otc378034
498,Bakson's Tense Aid Tablet,bottle of 200 tablets,₹460,₹364,/otc/bakson-s-tense-aid-tablet-otc502933
499,Allen A25 Nerve And Sleep Drop,bottle of 30 ml Drop,₹170,₹143,/otc/allen-a25-nerve-and-sleep-drop-otc330340
500,Allen A80 Vertigo Drop,bottle of 30 ml Drop,₹170,₹150,/otc/allen-a80-vertigo-drop-otc330339
501,Haslab Drox 10 Filarin Drop,bottle of 30 ml Drop,₹156,₹125,/otc/haslab-drox-10-filarin-drop-otc339512
502,New Life Calculina Syrup,bottle of 100 ml Syrup,₹90,₹73,/otc/new-life-calculina-syrup-otc325829
503,Allen's Arnica Montana Hair Oil,bottle of 100 ml Oil,₹130,₹117,/otc/allen-s-arnica-montana-hair-oil-otc392973
504,Dr Willmar Schwabe India Calciokind Tablet,bottle of 10 gm Tablet,₹115,₹92,/otc/dr-willmar-schwabe-india-calciokind-tablet-otc327686
505,SBL Terminalia Chebula Mother Tincture Q,bottle of 30 ml Mother Tincture,₹105,₹94,/otc/sbl-terminalia-chebula-mother-tincture-q-otc338570
506,SBL Mezereum Dilution 200 CH,bottle of 30 ml Dilution,₹105,₹93,/otc/sbl-mezereum-dilution-200-ch-otc348324
507,Allen Pilohip Syrup,bottle of 200 ml Syrup,₹150,₹127,/otc/allen-pilohip-syrup-otc330249
508,Dr Batra's Hair Fall Control Shampoo,bottle of 200 ml Shampoo,₹279,₹209,/otc/dr-batra-s-hair-fall-control-shampoo-otc432880
509,SBL Kali Sulphuricum Dilution 30 CH,bottle of 30 ml Dilution,₹95,₹65,/otc/sbl-kali-sulphuricum-dilution-30-ch-otc348058
510,Bakson B32 Lax-N-Liv Drop,bottle of 30 ml Drop,₹175,₹125,/otc/bakson-b32-lax-n-liv-drop-otc388079
511,Bakson's Baksoint 9 Cream,tube of 25 gm Cream,₹70,₹61,/otc/bakson-s-baksoint-9-cream-otc327246
512,SBL Sinapis Nigra Dilution 30 CH,bottle of 30 ml Dilution,₹90,₹74,/otc/sbl-sinapis-nigra-dilution-30-ch-otc358317
513,Rxhomeo Mercurius Solubilis Pellets 30C,bottle of 750 pellets,₹90,₹74,/otc/rxhomeo-mercurius-solubilis-pellets-30c-otc641374
514,Rxhomeo Aloe Socotrina Pellets 200C,bottle of 750 pellets,₹95,₹83,/otc/rxhomeo-aloe-socotrina-pellets-200c-otc640401
515,Dr Batra's Dandruff Cleansing Shampoo,bottle of 200 ml Shampoo,₹219,₹136,/otc/dr-batra-s-dandruff-cleansing-shampoo-otc432875
516,Hapdco Gastorin Syrup,bottle of 450 ml Syrup,₹290,₹222,/otc/hapdco-gastorin-syrup-otc357555
517,Similia China Dilution 30 CH,bottle of 30 ml Dilution,₹95,₹73,/otc/similia-china-dilution-30-ch-otc611722
518,SBL Kali Muriaticum Biochemic Tablet 12X,bottle of 25 gm Biochemic Tablet,₹105,₹86,/otc/sbl-kali-muriaticum-biochemic-tablet-12x-otc331050
519,SBL Atista Radix Mother Tincture Q,bottle of 30 ml Mother Tincture,₹105,₹85,/otc/sbl-atista-radix-mother-tincture-q-otc338809
520,New Life Bach Flower Sweet Chestnut 30,bottle of 30 ml Dilution,₹100,₹80,/otc/new-life-bach-flower-sweet-chestnut-30-otc386711
521,Allen A33 Fever Drop,bottle of 30 ml Drop,₹170,₹145,/otc/allen-a33-fever-drop-otc330323
522,ADEL Echinacea Mother Tincture Q,bottle of 20 ml Mother Tincture,₹270,₹243,/otc/adel-echinacea-mother-tincture-q-otc327692
523,Wheezal WL52 Ovarian Cyst Drop,bottle of 30 ml Drop,₹170,₹145,/otc/wheezal-wl52-ovarian-cyst-drop-otc387947
524,Allen A32 Gout Drop,bottle of 30 ml Drop,₹170,₹141,/otc/allen-a32-gout-drop-otc330399
525,Lord's Tone Up Rejuvenator Tonic,bottle of 180 ml Tonic,₹215,₹191,/otc/lord-s-tone-up-rejuvenator-tonic-otc392903
526,ADEL 32 Opsonat Drop,bottle of 20 ml Drop,₹295,₹260,/otc/adel-32-opsonat-drop-otc326087
527,SBL Rauvolfia Serpentina Tablet 1X,bottle of 25 gm Tablet,₹141,₹117,/otc/sbl-rauvolfia-serpentina-tablet-1x-otc330980
528,SBL Influenzinum Dilution 30 CH,bottle of 30 ml Dilution,₹90,₹74,/otc/sbl-influenzinum-dilution-30-ch-otc347959
529,SBL Serum Anguillae (Eel Serum) Dilution 6 CH,bottle of 30 ml Dilution,₹95,₹76,/otc/sbl-serum-anguillae-eel-serum-dilution-6-ch-otc358274
530,SBL Radium Bromatum Dilution 200 CH,bottle of 30 ml Dilution,₹105,₹93,/otc/sbl-radium-bromatum-dilution-200-ch-otc348566
531,SBL Kali Phosphoricum Biochemic Tablet 200X,bottle of 25 gm Biochemic Tablet,₹110,₹90,/otc/sbl-kali-phosphoricum-biochemic-tablet-200x-otc368297
532,SBL Magnesia Phosphorica Biochemic Tablet 200X,bottle of 25 gm Biochemic Tablet,₹100,₹81,/otc/sbl-magnesia-phosphorica-biochemic-tablet-200x-otc368299
533,SBL Teucrium Marum Verum Dilution 200 CH,bottle of 30 ml Dilution,₹105,₹94,/otc/sbl-teucrium-marum-verum-dilution-200-ch-otc348853
534,Bakson's Arnica Ointment,tube of 25 gm Ointment,₹70,₹57,/otc/bakson-s-arnica-ointment-otc327265
535,Bakson's Aconitum Napellus Dilution 30 CH,bottle of 30 ml Dilution,₹100,₹57,/otc/bakson-s-aconitum-napellus-dilution-30-ch-otc602482
536,ADEL 86 Verintex N External Drop,bottle of 20 ml Drop,₹295,₹238,/otc/adel-86-verintex-n-external-drop-otc326149
537,Allen A59 Tumour Drop,bottle of 30 ml Drop,₹170,₹141,/otc/allen-a59-tumour-drop-otc330275
538,ADEL Thuja Mother Tincture Q,bottle of 20 ml Mother Tincture,₹270,₹243,/otc/adel-thuja-mother-tincture-q-otc328826
539,Bakson B19 Colic Drop,bottle of 30 ml Drop,₹175,₹147,/otc/bakson-b19-colic-drop-otc388053
540,Allen A42 Prostatitis Drop,bottle of 30 ml Drop,₹170,₹141,/otc/allen-a42-prostatitis-drop-otc330397
541,Dr Willmar Schwabe India Zingiber Mother Tincture Q,bottle of 30 ml Mother Tincture,₹105,₹90,/otc/dr-willmar-schwabe-india-zingiber-mother-tincture-q-otc391437
542,Bhargava Whitigo Cream,tube of 30 gm Cream,₹74,₹63,/otc/bhargava-whitigo-cream-otc327454
543,Lord's Stonil Tablet,box of 40 tablets,₹115,₹82,/otc/lord-s-stonil-tablet-otc545602
544,ADEL 38 Apo-Spast Drop,bottle of 20 ml Drop,₹295,₹249,/otc/adel-38-apo-spast-drop-otc327726
545,Bjain Omeo Strength Drop,bottle of 30 ml Drop,₹365,₹248,/otc/bjain-omeo-strength-drop-otc425274
546,Bakson B25 Acne Drop,bottle of 30 ml Drop,₹175,₹155,/otc/bakson-b25-acne-drop-otc388065
547,Bjain Ceanothus Americanus Mother Tincture Q,bottle of 100 ml Mother Tincture,₹650,₹562,/otc/bjain-ceanothus-americanus-mother-tincture-q-otc445313
548,Dr. Reckeweg Ferrum Phosphoricum Biochemic Tablet 3X,bottle of 20 gm Biochemic Tablet,₹240,₹203,/otc/dr.-reckeweg-ferrum-phosphoricum-biochemic-tablet-3x-otc336894
549,ADEL Magnesium Phosphoricum Biochemic Tablet 6X,bottle of 20 gm Biochemic Tablet,₹180,₹162,/otc/adel-magnesium-phosphoricum-biochemic-tablet-6x-otc732699
550,Bakson B36 Endocrine Male Drop,bottle of 30 ml Drop,₹160,₹137,/otc/bakson-b36-endocrine-male-drop-otc388085
551,"Bakson's Face Scrub with Aloevera, Cucumber & Papaya",jar of 125 gm Scrub,₹140,₹121,/otc/bakson-s-face-scrub-with-aloevera-cucumber-papaya-otc400479
552,SBL Fel Tauri Dilution 30 CH,bottle of 30 ml Dilution,₹95,₹76,/otc/sbl-fel-tauri-dilution-30-ch-otc348947
553,SBL Arnica Montana Dilution 3 CH,bottle of 30 ml Dilution,₹95,₹76,/otc/sbl-arnica-montana-dilution-3-ch-otc351136
554,Lord's Mullein Oil Ear Drop,bottle of 25 ml Ear Drop,₹90,₹74,/otc/lord-s-mullein-oil-ear-drop-otc392911
555,Allen Jaborandi Gold Oil,bottle of 110 ml Oil,₹100,₹90,/otc/allen-jaborandi-gold-oil-otc330335
556,SBL Aegle Marmelos Mother Tincture Q,bottle of 30 ml Mother Tincture,₹105,₹86,/otc/sbl-aegle-marmelos-mother-tincture-q-otc338858
557,ADEL Calendula Mother Tincture Q,bottle of 20 ml Mother Tincture,₹270,₹243,/otc/adel-calendula-mother-tincture-q-otc328825
558,Bhargava Rhomo Oil,Roll-on bottle of 60 ml Oil,₹148,₹110,/otc/bhargava-rhomo-oil-otc326143
559,New Life Rheumacin Drop,bottle of 30 ml Drop,₹120,₹102,/otc/new-life-rheumacin-drop-otc326163
560,Hapdco Relaxomuv Ointment,tube of 25 gm Ointment,₹85,₹71,/otc/hapdco-relaxomuv-ointment-otc357645
561,SBL Teucrium Marum Verum Mother Tincture Q,bottle of 30 ml Mother Tincture,₹230,₹158,/otc/sbl-teucrium-marum-verum-mother-tincture-q-otc338410
562,Dr Willmar Schwabe India Ficus Religiosa Mother Tincture Q,bottle of 30 ml Mother Tincture,₹105,₹92,/otc/dr-willmar-schwabe-india-ficus-religiosa-mother-tincture-q-otc390981
563,Bakson's Menso Aid Syrup,bottle of 450 ml Syrup,₹305,₹260,/otc/bakson-s-menso-aid-syrup-otc502872
564,Allen A11 Eczema Drop,bottle of 30 ml Drop,₹170,₹145,/otc/allen-a11-eczema-drop-otc330446
565,Wheezal Diabonol Drop,bottle of 30 ml Drop,₹150,₹112,/otc/wheezal-diabonol-drop-otc339233
566,New Life Bach Flower Rock Water 30,bottle of 30 ml Dilution,₹100,₹86,/otc/new-life-bach-flower-rock-water-30-otc386687
567,Boiron Bacillus Coli (Colibacillinum) Pellets 30C,bottle of 80 pellets,₹170,₹146,/otc/boiron-bacillus-coli-colibacillinum-pellets-30c-otc645397
568,Hapdco B.Ve. Phos Children Tonic,bottle of 60 ml Tonic,₹75,₹62,/otc/hapdco-b.ve.-phos-children-tonic-otc357523
569,Fourrts Senadryl Drop,bottle of 30 ml Drop,₹165,₹140,/otc/fourrts-senadryl-drop-otc617689
570,Wheezal WL46 Eosinophilia Drop,bottle of 30 ml Drop,₹170,₹133,/otc/wheezal-wl46-eosinophilia-drop-otc387937
571,Allen A34 Acne Drop,bottle of 30 ml Drop,₹160,₹133,/otc/allen-a34-acne-drop-otc330450
572,Wheezal De-Toxin Drop,bottle of 30 ml Drop,₹135,₹109,/otc/wheezal-de-toxin-drop-otc339238
573,Allen's Gastrin Syrup,bottle of 110 ml Syrup,₹100,₹82,/otc/allen-s-gastrin-syrup-otc399600
574,Bhargava Sinin Drop,bottle of 30 ml Drop,₹166,₹140,/otc/bhargava-sinin-drop-otc328755
575,Bakson's Apis Mellifica Ointment,tube of 25 gm Ointment,₹70,₹57,/otc/bakson-s-apis-mellifica-ointment-otc327261
576,ADEL Ars. Sulf Rub. Trituration Tablet 3X,bottle of 20 gm Trituration Tablet,₹280,₹252,/otc/adel-ars.-sulf-rub.-trituration-tablet-3x-otc327087
577,SBL Guaiacum Dilution 200 CH,bottle of 30 ml Dilution,₹105,₹93,/otc/sbl-guaiacum-dilution-200-ch-otc347815
578,Bjain Bryonia Alba Dilution 200 CH,bottle of 100 ml Dilution,₹185,₹159,/otc/bjain-bryonia-alba-dilution-200-ch-otc436083
579,Bjain Omeo Prostate Drop,bottle of 30 ml Drop,₹150,₹131,/otc/bjain-omeo-prostate-drop-otc328885
580,ADEL Cholesterinum Trituration Tablet 3X,bottle of 20 gm Trituration Tablet,₹260,₹234,/otc/adel-cholesterinum-trituration-tablet-3x-otc329078
581,Hapdco Muora Gel Combi Pack,bottle of 10 ml Gel,₹80,₹67,/otc/hapdco-muora-gel-combi-pack-otc370792
582,SBL Yohimbinum Dilution 30 CH,bottle of 30 ml Dilution,₹95,₹81,/otc/sbl-yohimbinum-dilution-30-ch-otc348662
583,SBL Sulphur Gel,tube of 25 gm Gel,₹65,₹53,/otc/sbl-sulphur-gel-otc331008
584,Dr Willmar Schwabe India Aesculus Hippocastan Dilution 30 CH,bottle of 30 ml Dilution,₹90,₹74,/otc/dr-willmar-schwabe-india-aesculus-hippocastan-dilution-30-ch-otc394985
585,Wheezal Baby Phos Syrup,bottle of 60 ml Syrup,₹85,₹71,/otc/wheezal-baby-phos-syrup-otc339128
586,Bakson B64 Dermato Drop,bottle of 30 ml Drop,₹175,₹130,/otc/bakson-b64-dermato-drop-otc388119
587,Bjain Omeo Heart Gold Drop,bottle of 30 ml Drop,₹155,₹119,/otc/bjain-omeo-heart-gold-drop-otc327161
588,SBL Nux Vomica Dilution 10M CH,bottle of 30 ml Dilution,₹300,₹269,/otc/sbl-nux-vomica-dilution-10m-ch-otc385277
589,Bioforce Blooume 2  Asthmasan Drop,bottle of 30 ml Drop,₹150,₹128,/otc/bioforce-blooume-2-asthmasan-drop-otc326197
590,REPL Dr. Advice No.78 Piles Drop,bottle of 30 ml Drop,₹180,₹162,/otc/repl-dr.-advice-no.78-piles-drop-otc339422
591,ADEL Hamamelis Virginiana Mother Tincture Q,bottle of 20 ml Mother Tincture,₹300,₹270,/otc/adel-hamamelis-virginiana-mother-tincture-q-otc328779
592,Allen A04 Blood Purifier Drop,bottle of 30 ml Drop,₹160,₹133,/otc/allen-a04-blood-purifier-drop-otc330354
593,Lord's Bio-Combination 20 Tablet,bottle of 450 gm Biocombination Tablet,₹695,₹590,/otc/lord-s-bio-combination-20-tablet-otc545492
594,New Life Heptolive Syrup,bottle of 100 ml Syrup,₹90,₹69,/otc/new-life-heptolive-syrup-otc325821
595,Dr Batra's Hair Fall Control Oil,bottle of 200 ml Oil,₹325,₹189,/otc/dr-batra-s-hair-fall-control-oil-otc375469
596,Bakson's Super Tonic,bottle of 115 ml Tonic,₹130,₹100,/otc/bakson-s-super-tonic-otc502927
597,ADEL Muira Puama Mother Tincture Q,bottle of 20 ml Mother Tincture,₹340,₹306,/otc/adel-muira-puama-mother-tincture-q-otc327519
598,Allen Laxocid Tablet,bottle of 25 gm Tablet,₹160,₹133,/otc/allen-laxocid-tablet-otc330232
599,Allen Orthotone Tablet,bottle of 25 gm Tablet,₹160,₹133,/otc/allen-orthotone-tablet-otc330410
600,German's Spondylitis Care and Cure Drop,bottle of 30 ml Drop,₹160,₹136,/otc/german-s-spondylitis-care-and-cure-drop-otc650060
601,SBL Silicea Biochemic Tablet 200X,bottle of 25 gm Biochemic Tablet,₹110,₹88,/otc/sbl-silicea-biochemic-tablet-200x-otc368312
602,SBL Nuphar Lutea Dilution 200 CH,bottle of 30 ml Dilution,₹105,₹83,/otc/sbl-nuphar-lutea-dilution-200-ch-otc355185
603,Bakson's B-Shape Cream,tube of 100 gm Cream,₹330,₹287,/otc/bakson-s-b-shape-cream-otc326089
604,SBL Lycopodium Clavatum Dilution 6 CH,bottle of 30 ml Dilution,₹95,₹82,/otc/sbl-lycopodium-clavatum-dilution-6-ch-otc349055
605,"Bakson's Sunny Herbals Face Wash Gel with Aloevera, Calendula and Tea Tree Oil",tube of 100 gm Face Wash,₹165,₹142,/otc/bakson-s-sunny-herbals-face-wash-gel-with-aloevera-calendula-and-tea-tree-oil-otc373354
606,Wheezal Femocordial Syrup,bottle of 120 ml Syrup,₹130,₹97,/otc/wheezal-femocordial-syrup-otc339151
607,SBL Silicea Biochemic Tablet 30X,bottle of 25 gm Biochemic Tablet,₹95,₹76,/otc/sbl-silicea-biochemic-tablet-30x-otc368311
608,Bakson B52 Arthralgia Drop,bottle of 30 ml Drop,₹175,₹142,/otc/bakson-b52-arthralgia-drop-otc388103
609,Lord's Five Phos Biocombination Tablet 12X,bottle of 450 gm Biocombination Tablet,₹695,₹487,/otc/lord-s-five-phos-biocombination-tablet-12x-otc561381
610,German's Tonsil Drop,bottle of 30 ml Drop,₹150,₹132,/otc/german-s-tonsil-drop-otc650065
611,Wheezal WL49 Warts Drop,bottle of 30 ml Drop,₹170,₹151,/otc/wheezal-wl49-warts-drop-otc387943
612,Dr Willmar Schwabe India Natrum Sulphuricum Biochemic Tablet 6X,bottle of 550 gm Biochemic Tablet,₹670,₹478,/otc/dr-willmar-schwabe-india-natrum-sulphuricum-biochemic-tablet-6x-otc448626
613,Bjain Omeo Allergy Tablet,bottle of 450 gm Tablet,₹750,₹653,/otc/bjain-omeo-allergy-tablet-otc425860
614,Allen A46 Anti Dandruff Drop,bottle of 30 ml Drop,₹170,₹145,/otc/allen-a46-anti-dandruff-drop-otc330333
615,SBL Coca Dilution Homeopathic Medicine 3 CH,bottle of 30 ml Dilution,₹95,₹77,/otc/sbl-coca-dilution-homeopathic-medicine-3-ch-otc352024
616,ADEL China Officinalis Mother Tincture Q,bottle of 20 ml Mother Tincture,₹270,₹243,/otc/adel-china-officinalis-mother-tincture-q-otc327708
617,Bioforce Blooume 4 Biohair Drop,bottle of 30 ml Drop,₹150,₹120,/otc/bioforce-blooume-4-biohair-drop-otc327227
618,Dr. Raj Vigoraj Oil,bottle of 30 ml Oil,₹290,₹261,/otc/dr.-raj-vigoraj-oil-otc549386
619,Doliosis D69 Spanish Fly Drop,bottle of 30 ml Drop,₹400,₹310,/otc/doliosis-d69-spanish-fly-drop-otc392600
620,REPL Dr. Advice No.31 Calculus Drop,bottle of 30 ml Drop,₹180,₹160,/otc/repl-dr.-advice-no.31-calculus-drop-otc339364
621,Dr. Reckeweg Calendula Off Mother Tincture Q,bottle of 100 ml Mother Tincture,₹860,₹763,/otc/dr.-reckeweg-calendula-off-mother-tincture-q-otc574983
622,St. George’s Foenugreek Mother Tincture Q,bottle of 30 ml Mother Tincture,₹120,₹104,/otc/st.-george-s-foenugreek-mother-tincture-q-otc473871
623,SBL Natrum Muriaticum Biochemic Tablet 200X,bottle of 25 gm Biochemic Tablet,₹100,₹80,/otc/sbl-natrum-muriaticum-biochemic-tablet-200x-otc368300
624,Allen A28 Rheumatism Drop,bottle of 30 ml Drop,₹160,₹133,/otc/allen-a28-rheumatism-drop-otc330402
625,SBL Copaiva Officinalis Dilution 30 CH,bottle of 30 ml Dilution,₹95,₹78,/otc/sbl-copaiva-officinalis-dilution-30-ch-otc346436
626,Allen A76 Kalmegh Drop,bottle of 30 ml Drop,₹160,₹133,/otc/allen-a76-kalmegh-drop-otc330272
627,Bakson's Biocombination 24 Tablet,bottle of 250 biocombination tablets,₹95,₹85,/otc/bakson-s-biocombination-24-tablet-otc694719
628,Bakson's Mud Pack,box of 150 gm Pack,₹190,₹167,/otc/bakson-s-mud-pack-otc400482
629,Allen Vasakof Cough Syrup,bottle of 200 ml Syrup,₹150,₹128,/otc/allen-vasakof-cough-syrup-otc330441
630,Rxhomeo Aloe Socotrina Pellets 30C,bottle of 750 pellets,₹90,₹74,/otc/rxhomeo-aloe-socotrina-pellets-30c-otc640399
631,Rxhomeo Carbo Vegetabilis Pellets 1M,bottle of 750 pellets,₹115,₹102,/otc/rxhomeo-carbo-vegetabilis-pellets-1m-otc640871
632,Bjain Arnica Montana Globules 200 CH,bottle of 6 gm Globules,₹85,₹69,/otc/bjain-arnica-montana-globules-200-ch-otc441551
633,Allen's AllenZyme Digestive Tonic,bottle of 110 ml Tonic,₹100,₹89,/otc/allen-s-allenzyme-digestive-tonic-otc399404
634,Bakson B44 Convulsion Drop,bottle of 30 ml Drop,₹175,₹154,/otc/bakson-b44-convulsion-drop-otc388094
635,SBL Ginseng Dilution 1000 CH,bottle of 30 ml Dilution,₹140,₹115,/otc/sbl-ginseng-dilution-1000-ch-otc346639
636,ADEL Arnica Montana Mother Tincture Q,bottle of 20 ml Mother Tincture,₹300,₹270,/otc/adel-arnica-montana-mother-tincture-q-otc328792
637,Bakson's Gastro Aid Syrup,bottle of 115 ml Syrup,₹130,₹91,/otc/bakson-s-gastro-aid-syrup-otc392446
638,Rxhomeo Hepar Sulphuris Calcareum Pellets 30C,bottle of 750 pellets,₹90,₹78,/otc/rxhomeo-hepar-sulphuris-calcareum-pellets-30c-otc641011
639,Dr Batra's Herbal Hair Color Cream Brown,box of 130 gm Cream,₹999,₹635,/otc/dr-batra-s-herbal-hair-color-cream-brown-otc506159
640,SBL Petroselinum Sativum Dilution 30 CH,bottle of 30 ml Dilution,₹95,₹78,/otc/sbl-petroselinum-sativum-dilution-30-ch-otc348504
641,Bjain Omeo Piles Tablet,bottle of 450 gm Tablet,₹750,₹638,/otc/bjain-omeo-piles-tablet-otc426063
642,Adven Rolfia Tablet,bottle of 25 gm Tablet,₹140,₹115,/otc/adven-rolfia-tablet-otc328953
643,Similia Coculus Ind Dilution 30 CH,bottle of 30 ml Dilution,₹95,₹78,/otc/similia-coculus-ind-dilution-30-ch-otc611717
644,ADEL Gymnema Sylvestris Mother Tincture Q,bottle of 20 ml Mother Tincture,₹270,₹243,/otc/adel-gymnema-sylvestris-mother-tincture-q-otc327638
645,Medisynth Utronic Syrup,bottle of 125 ml Syrup,₹120,₹101,/otc/medisynth-utronic-syrup-otc339291
646,Bjain Belladonna Globules 30 CH,bottle of 6 gm Globules,₹85,₹55,/otc/bjain-belladonna-globules-30-ch-otc442271
647,Dr Batra's Hair Vitalizing Serum,pump bottle of 125 ml Serum,₹699,₹405,/otc/dr-batra-s-hair-vitalizing-serum-otc326159
648,Dr Willmar Schwabe India Borax Dilution 30 CH,bottle of 30 ml Dilution,₹90,₹76,/otc/dr-willmar-schwabe-india-borax-dilution-30-ch-otc397912
649,Bakson B3 Diarrhoea Drop,bottle of 30 ml Drop,₹175,₹142,/otc/bakson-b3-diarrhoea-drop-otc387996
650,ADEL Ustilago M Mother Tincture Q,bottle of 20 ml Mother Tincture,₹270,₹243,/otc/adel-ustilago-m-mother-tincture-q-otc327128
651,Dr Batra's Hair Gel Wet Look Enriched with Thuja,tube of 100 gm Gel,₹125,₹78,/otc/dr-batra-s-hair-gel-wet-look-enriched-with-thuja-otc326156
652,Allen A10 Dysentry Drop,bottle of 30 ml Drop,₹160,₹133,/otc/allen-a10-dysentry-drop-otc330221
653,Dr Willmar Schwabe India Anekind Globules,bottle of 10 gm Globules,₹115,₹92,/otc/dr-willmar-schwabe-india-anekind-globules-otc327687
654,Allen A48 Spondylytis Drop,bottle of 30 ml Drop,₹175,₹137,/otc/allen-a48-spondylytis-drop-otc330406
655,ADEL Aspidosperma Mother Tincture Q,bottle of 20 ml Mother Tincture,₹340,₹306,/otc/adel-aspidosperma-mother-tincture-q-otc327038
656,Haslab HC 37 Caladium Complex Tablet,bottle of 20 gm Tablet,₹75,₹60,/otc/haslab-hc-37-caladium-complex-tablet-otc388191
657,Bakson's Hair Serum,bottle of 100 ml Serum,₹410,₹369,/otc/bakson-s-hair-serum-otc503102
658,ADEL Scutellaria Mother Tincture Q,bottle of 20 ml Mother Tincture,₹340,₹306,/otc/adel-scutellaria-mother-tincture-q-otc327310
659,Dr Batra's Dandruff Cleansing Shampoo,bottle of 500 ml Shampoo,₹499,₹315,/otc/dr-batra-s-dandruff-cleansing-shampoo-otc432876
660,Bakson's Body Oil,bottle of 100 ml Oil,₹120,₹107,/otc/bakson-s-body-oil-otc400474
661,ADEL Titanium Metallicum Trituration Tablet 3X,bottle of 20 gm Trituration Tablet,₹260,₹234,/otc/adel-titanium-metallicum-trituration-tablet-3x-otc326305
662,Bakson B5 Gold Drop,bottle of 30 ml Drop,₹160,₹137,/otc/bakson-b5-gold-drop-otc388000
663,Allen A12 Eye Care Oral Drops,bottle of 30 ml Oral Drops,₹160,₹133,/otc/allen-a12-eye-care-oral-drops-otc330324
664,Bjain Ginkgo Biloba Trituration Tablet 1X,bottle of 25 gm Trituration Tablet,₹305,₹274,/otc/bjain-ginkgo-biloba-trituration-tablet-1x-otc484361
665,Lord's L 164 Sciatica Drop,bottle of 30 ml Drop,₹160,₹141,/otc/lord-s-l-164-sciatica-drop-otc449185
666,ADEL Damiana Mother Tincture Q,bottle of 20 ml Mother Tincture,₹270,₹243,/otc/adel-damiana-mother-tincture-q-otc327698
667,Bjain Chionanthus Virginica Mother Tincture Q,bottle of 100 ml Mother Tincture,₹930,₹810,/otc/bjain-chionanthus-virginica-mother-tincture-q-otc445366
668,SBL Cicuta Virosa Dilution 200 CH,bottle of 30 ml Dilution,₹105,₹94,/otc/sbl-cicuta-virosa-dilution-200-ch-otc346163
669,Allen A22 Leucorrhoea Drop,bottle of 30 ml Drop,₹160,₹128,/otc/allen-a22-leucorrhoea-drop-otc330236
670,ADEL Chimaphila Mother Tincture Q,bottle of 20 ml Mother Tincture,₹300,₹270,/otc/adel-chimaphila-mother-tincture-q-otc327709
671,Dr Willmar Schwabe India Abel Moschus Mother Tincture Q,bottle of 30 ml Mother Tincture,₹115,₹90,/otc/dr-willmar-schwabe-india-abel-moschus-mother-tincture-q-otc390542
672,Wheezal Dr. Farokh J. Master's Sachrol Tablet,bottle of 75 tablets,₹210,₹176,/otc/wheezal-dr.-farokh-j.-master-s-sachrol-tablet-otc627120
673,Dr Willmar Schwabe India Eucalyptus Globulus Mother Tincture Q,bottle of 30 ml Mother Tincture,₹105,₹78,/otc/dr-willmar-schwabe-india-eucalyptus-globulus-mother-tincture-q-otc390951
674,Lord's Yohimbinum Trituration Tablet 3X,bottle of 450 gm Trituration Tablet,₹950,₹800,/otc/lord-s-yohimbinum-trituration-tablet-3x-otc561082
675,Lord's Ylo Tablet,box of 30 tablets,₹90,₹81,/otc/lord-s-ylo-tablet-otc711486
676,SBL Arsenic Sulphuratum Flavum Dilution 6 CH,bottle of 30 ml Dilution,₹95,₹76,/otc/sbl-arsenic-sulphuratum-flavum-dilution-6-ch-otc349085
677,Dr Willmar Schwabe India Candida Albicans Dilution 30 CH,bottle of 30 ml Dilution,₹105,₹86,/otc/dr-willmar-schwabe-india-candida-albicans-dilution-30-ch-otc398544
678,Bio India Lactose HMS Holland Powder,packet of 1 kg Powder,₹560,₹392,/otc/bio-india-lactose-hms-holland-powder-otc552400
679,SBL Aranea Diadema Dilution 200 CH,bottle of 30 ml Dilution,₹105,₹86,/otc/sbl-aranea-diadema-dilution-200-ch-otc345905
680,Bahola Tonsilo Tablet,bottle of 90 tablets,₹160,₹131,/otc/bahola-tonsilo-tablet-otc388672
681,Bjain Yohimbinum Dilution 3X,bottle of 30 ml Dilution,₹120,₹98,/otc/bjain-yohimbinum-dilution-3x-otc428607
682,Haslab HC 67 Homolax Tablet,bottle of 20 gm Tablet,₹75,₹60,/otc/haslab-hc-67-homolax-tablet-otc388242
683,SBL Viscum Album Mother Tincture Q,bottle of 30 ml Mother Tincture,₹120,₹108,/otc/sbl-viscum-album-mother-tincture-q-otc338406
684,Medisynth Naturals Moonflower Kesar Mulethi Face Cream,tube of 50 gm Cream,₹100,₹81,/otc/medisynth-naturals-moonflower-kesar-mulethi-face-cream-otc525740
685,SBL Crotalus Horridus Dilution 30 CH,bottle of 30 ml Dilution,₹90,₹72,/otc/sbl-crotalus-horridus-dilution-30-ch-otc346450
686,Bio India Bach Flower Larch,bottle of 100 ml Dilution,₹210,₹147,/otc/bio-india-bach-flower-larch-otc517776
687,ADEL Crataegus Mother Tincture Q,bottle of 20 ml Mother Tincture,₹270,₹243,/otc/adel-crataegus-mother-tincture-q-otc328822
688,Dr. Reckeweg Macrotinum Dilution 200 CH,bottle of 11 ml Dilution,₹160,₹141,/otc/dr.-reckeweg-macrotinum-dilution-200-ch-otc332008
689,Lord's Fel Tauri Trituration Tablet 3X,bottle of 25 gm Trituration Tablet,₹170,₹147,/otc/lord-s-fel-tauri-trituration-tablet-3x-otc561451
690,Bahola Eye Bright Eye Drop,bottle of 10 ml Eye Drop,₹85,₹73,/otc/bahola-eye-bright-eye-drop-otc388681
691,Bakson B43 Hyper Hydrosis Drop,bottle of 30 ml Drop,₹175,₹141,/otc/bakson-b43-hyper-hydrosis-drop-otc388093
692,ADEL Avena Sat Mother Tincture Q,bottle of 20 ml Mother Tincture,₹270,₹243,/otc/adel-avena-sat-mother-tincture-q-otc327036
693,German's Rheumatic Care and Cure Drop,bottle of 30 ml Drop,₹150,₹135,/otc/german-s-rheumatic-care-and-cure-drop-otc650021
694,ADEL Carduus Mar. Mother Tincture Q,bottle of 20 ml Mother Tincture,₹270,₹243,/otc/adel-carduus-mar.-mother-tincture-q-otc724033
695,SBL Urtica Urens Ointment,tube of 25 gm Ointment,₹56,₹46,/otc/sbl-urtica-urens-ointment-otc331011
696,SBL Calcarea Phosphoricum Dilution 6 CH,bottle of 30 ml Dilution,₹95,₹83,/otc/sbl-calcarea-phosphoricum-dilution-6-ch-otc349106
697,Bjain Omeo Calcium Tablet,bottle of 450 gm Tablet,₹750,₹653,/otc/bjain-omeo-calcium-tablet-otc425902
698,SBL Pyrogenium Dilution 30 CH,bottle of 30 ml Dilution,₹90,₹73,/otc/sbl-pyrogenium-dilution-30-ch-otc348561
699,Wheezal Astharex Syrup,bottle of 120 ml Syrup,₹140,₹111,/otc/wheezal-astharex-syrup-otc339163
700,Dr. Reckeweg Acid Phosphoric Dilution 30 CH,bottle of 11 ml Dilution,₹135,₹119,/otc/dr.-reckeweg-acid-phosphoric-dilution-30-ch-otc375709
701,Bakson's Biocombination 16 Tablet,bottle of 250 biocombination tablets,₹95,₹85,/otc/bakson-s-biocombination-16-tablet-otc694653
702,Bio India Bio-combination 20 Tablet,bottle of 450 gm Biocombination Tablet,₹630,₹555,/otc/bio-india-bio-combination-20-tablet-otc559323
703,SBL Plumbum Metallicum Dilution 1000 CH,bottle of 30 ml Dilution,₹140,₹121,/otc/sbl-plumbum-metallicum-dilution-1000-ch-otc348541
704,Bakson's Cream Bleach,jar of 30 gm Cream,₹120,₹100,/otc/bakson-s-cream-bleach-otc326219
705,Lord's Thyroidinum Trituration Tablet 3X,bottle of 25 gm Trituration Tablet,₹170,₹150,/otc/lord-s-thyroidinum-trituration-tablet-3x-otc561094
706,SBL Withania S (Ashwagandha) Dilution 1000 CH,bottle of 30 ml Dilution,₹140,₹116,/otc/sbl-withania-s-ashwagandha-dilution-1000-ch-otc348680
707,ADEL Calcarea Fluor Biochemic Tablet 12X,bottle of 20 gm Biochemic Tablet,₹180,₹162,/otc/adel-calcarea-fluor-biochemic-tablet-12x-otc732623
708,Adven A-124 Liver & Gallbladder Drop,bottle of 30 ml Drop,₹170,₹147,/otc/adven-a-124-liver-gallbladder-drop-otc517116
709,Dr. Reckeweg Tarentula Hispanica Dilution 30 CH,bottle of 11 ml Dilution,₹135,₹117,/otc/dr.-reckeweg-tarentula-hispanica-dilution-30-ch-otc326386
710,Bakson's Fevo Aid Syrup,bottle of 450 ml Syrup,₹330,₹297,/otc/bakson-s-fevo-aid-syrup-otc502777
711,SBL Acidum Sulphuricum Mother Tincture Q,bottle of 30 ml Mother Tincture,₹105,₹90,/otc/sbl-acidum-sulphuricum-mother-tincture-q-otc338869
712,Dr Willmar Schwabe India Lobelia Inflata Mother Tincture Q,bottle of 30 ml Mother Tincture,₹120,₹90,/otc/dr-willmar-schwabe-india-lobelia-inflata-mother-tincture-q-otc391281
713,Hapdco Calendula Plus Lotion,bottle of 50 ml Lotion,₹80,₹68,/otc/hapdco-calendula-plus-lotion-otc386519
714,Bakson's Natrum Muriaticum Biochemic Tablet 30X,bottle of 250 biochemic tablets,₹95,₹85,/otc/bakson-s-natrum-muriaticum-biochemic-tablet-30x-otc695229
715,ADEL Acid Fluor Dilution 200,bottle of 10 ml Dilution,₹165,₹141,/otc/adel-acid-fluor-dilution-200-otc332656
716,SBL Arsenicum Album 0/1 LM,bottle of 20 gm Globules,₹175,₹142,/otc/sbl-arsenicum-album-0-1-lm-otc360862
717,Dr Batra's Anti-Dandruff Hair Serum,pump bottle of 125 ml Serum,₹699,₹524,/otc/dr-batra-s-anti-dandruff-hair-serum-otc432910
718,Lord's Pediclean Cream,jar of 50 gm Cream,₹115,₹97,/otc/lord-s-pediclean-cream-otc392810
719,SBL Ustilago Mayadis Dilution 1000 CH,bottle of 30 ml Dilution,₹140,₹97,/otc/sbl-ustilago-mayadis-dilution-1000-ch-otc348763
720,Bjain Arsenicum Bromatum Dilution 30 CH,bottle of 100 ml Dilution,₹175,₹145,/otc/bjain-arsenicum-bromatum-dilution-30-ch-otc433623
721,Dr Willmar Schwabe India Psorinum Dilution 1000 CH,bottle of 30 ml Dilution,₹120,₹79,/otc/dr-willmar-schwabe-india-psorinum-dilution-1000-ch-otc393794
722,ADEL Hydrangea Mother Tincture Q,bottle of 20 ml Mother Tincture,₹340,₹306,/otc/adel-hydrangea-mother-tincture-q-otc327629
723,ADEL Symphytum. Mother Tincture Q,bottle of 20 ml Mother Tincture,₹270,₹243,/otc/adel-symphytum.-mother-tincture-q-otc724441
724,SBL Arsenic Sulphuratum Flavum Dilution 200 CH,bottle of 30 ml Dilution,₹105,₹90,/otc/sbl-arsenic-sulphuratum-flavum-dilution-200-ch-otc345920
725,Dr Batra's Hair Fall Control Serum,pump bottle of 130 ml Serum,₹699,₹405,/otc/dr-batra-s-hair-fall-control-serum-otc665490
726,ADEL Ferrum Mur Trituration Tablet 3X,bottle of 20 gm Trituration Tablet,₹260,₹234,/otc/adel-ferrum-mur-trituration-tablet-3x-otc757911
727,Dr. Reckeweg Apis Mell Dilution 6 CH,bottle of 11 ml Dilution,₹135,₹121,/otc/dr.-reckeweg-apis-mell-dilution-6-ch-otc372970
728,Allen A37 Renal Calculi Drop,bottle of 30 ml Drop,₹170,₹139,/otc/allen-a37-renal-calculi-drop-otc330270
729,St. George’s Bach Flower Cherry Plum 6 CH,bottle of 30 ml Dilution,₹150,₹128,/otc/st.-george-s-bach-flower-cherry-plum-6-ch-otc399716
730,REPL M Sharp Drop,bottle of 30 ml Drop,₹199,₹156,/otc/repl-m-sharp-drop-otc339463
731,ADEL Sempervivum Tect Mother Tincture Q,bottle of 20 ml Mother Tincture,₹340,₹306,/otc/adel-sempervivum-tect-mother-tincture-q-otc724337
732,ADEL Hypericum Mother Tincture Q,bottle of 20 ml Mother Tincture,₹300,₹270,/otc/adel-hypericum-mother-tincture-q-otc327621
733,Lord's Mag Phos Biochemic Tablet 12X,bottle of 450 gm Biochemic Tablet,₹695,₹590,/otc/lord-s-mag-phos-biochemic-tablet-12x-otc545156
734,ADEL Sterculia Mother Tincture Q,bottle of 20 ml Mother Tincture,₹300,₹270,/otc/adel-sterculia-mother-tincture-q-otc327136
735,ADEL Ratanhia Peruviana Mother Tincture Q,bottle of 20 ml Mother Tincture,₹300,₹270,/otc/adel-ratanhia-peruviana-mother-tincture-q-otc328808
736,Bio Valley Dead Sea Shampoo,bottle of 200 ml Shampoo,₹305,₹246,/otc/bio-valley-dead-sea-shampoo-otc407976
737,SBL Justicia Adhatoda Dilution 200 CH,bottle of 30 ml Dilution,₹100,₹90,/otc/sbl-justicia-adhatoda-dilution-200-ch-otc348018
738,Bakson B8 Calcification Drop,bottle of 30 ml Drop,₹175,₹152,/otc/bakson-b8-calcification-drop-otc388011
739,SBL Camphora Dilution 1000 CH,bottle of 30 ml Dilution,₹135,₹117,/otc/sbl-camphora-dilution-1000-ch-otc346093
740,ADEL Bio-Combination 28 Tablet,bottle of 20 gm Biocombination Tablet,₹180,₹162,/otc/adel-bio-combination-28-tablet-otc329062
741,Dr Batra's Hair Fall Control Shampoo SLES Free,bottle of 500 ml Shampoo,₹699,₹524,/otc/dr-batra-s-hair-fall-control-shampoo-sles-free-otc432882
742,Dr. Reckeweg Uranium Nitricum Dilution 30 CH,bottle of 11 ml Dilution,₹135,₹113,/otc/dr.-reckeweg-uranium-nitricum-dilution-30-ch-otc326359
743,Bhandari Bach Flower Pine 30,bottle of 30 ml Dilution,₹140,₹108,/otc/bhandari-bach-flower-pine-30-otc386882
744,Wheezal Mensorine Drop,bottle of 30 ml Drop,₹140,₹109,/otc/wheezal-mensorine-drop-otc339221
745,Bakson's Gro Up Drop,bottle of 30 ml Drop,₹125,₹100,/otc/bakson-s-gro-up-drop-otc325933
746,Bakson's Alfavena Malt Powder,jar of 450 gm Powder,₹350,₹312,/otc/bakson-s-alfavena-malt-powder-otc325802
747,Bakson's Fair Skin Facial Kit,box of 1 Kit,₹740,₹646,/otc/bakson-s-fair-skin-facial-kit-otc400500
748,Homeo Nest Eutonsil Tab,bottle of 50 gm Tablet,₹189,₹170,/otc/homeo-nest-eutonsil-tab-otc608778
749,Dr. Reckeweg China Dilution 6 CH,bottle of 11 ml Dilution,₹135,₹116,/otc/dr.-reckeweg-china-dilution-6-ch-otc373344
750,Hairgro Gel,tube of 75 gm Gel,₹170,₹148,/otc/hairgro-gel-otc617675
751,Dr Batra's Hair Oil Enriched with Jojoba,bottle of 200 ml Oil,₹199,₹139,/otc/dr-batra-s-hair-oil-enriched-with-jojoba-otc375477
752,ADEL Ginseng Quinquefolium Mother Tincture Q,bottle of 20 ml Mother Tincture,₹300,₹270,/otc/adel-ginseng-quinquefolium-mother-tincture-q-otc328831
753,ADEL Solidago. Mother Tincture Q,bottle of 20 ml Mother Tincture,₹270,₹243,/otc/adel-solidago.-mother-tincture-q-otc724366
754,Lord's L 149 Obesity Drop,bottle of 30 ml Drop,₹160,₹108,/otc/lord-s-l-149-obesity-drop-otc449162
755,New Life Bach Flower Vine 30,bottle of 30 ml Dilution,₹100,₹78,/otc/new-life-bach-flower-vine-30-otc386725
756,Dr. Reckeweg Bellis Per Mother Tincture Q,bottle of 20 ml Mother Tincture,₹255,₹227,/otc/dr.-reckeweg-bellis-per-mother-tincture-q-otc327786
757,ADEL Myristica Sebifera Mother Tincture Q,bottle of 20 ml Mother Tincture,₹270,₹243,/otc/adel-myristica-sebifera-mother-tincture-q-otc327513
758,Wheezal Livcol Syrup,bottle of 120 ml Syrup,₹120,₹91,/otc/wheezal-livcol-syrup-otc339144
759,ADEL Fel Tauri Trituration Tablet 6X,bottle of 20 gm Trituration Tablet,₹260,₹234,/otc/adel-fel-tauri-trituration-tablet-6x-otc757899
760,Dr. Reckeweg Cedron Dilution 30 CH,bottle of 11 ml Dilution,₹135,₹113,/otc/dr.-reckeweg-cedron-dilution-30-ch-otc326844
761,Dr. Reckeweg Acid Phosphoric Dilution 200 CH,bottle of 11 ml Dilution,₹160,₹143,/otc/dr.-reckeweg-acid-phosphoric-dilution-200-ch-otc375710
762,Adven A-143 Migraine & Ache Drop,bottle of 30 ml Drop,₹170,₹136,/otc/adven-a-143-migraine-ache-drop-otc517155
763,Wheezal Kid Kare Formula 21 Syrup,bottle of 120 ml Syrup,₹130,₹112,/otc/wheezal-kid-kare-formula-21-syrup-otc339129
764,Bjain Bio-Combination No. 21 Tablet,bottle of 450 gm Biocombination Tablet,₹655,₹557,/otc/bjain-bio-combination-no.-21-tablet-otc483997
765,SBL Paris Quadrifolia Dilution 30 CH,bottle of 30 ml Dilution,₹95,₹76,/otc/sbl-paris-quadrifolia-dilution-30-ch-otc355595
766,ADEL Bio-Combination 17 Tablet,bottle of 20 gm Biocombination Tablet,₹180,₹162,/otc/adel-bio-combination-17-tablet-otc339643
767,Dr. Reckeweg Kali Ars Dilution 30 CH,bottle of 11 ml Dilution,₹135,₹113,/otc/dr.-reckeweg-kali-ars-dilution-30-ch-otc376085
768,ADEL Bio-Combination 20 Tablet,bottle of 20 gm Biocombination Tablet,₹180,₹162,/otc/adel-bio-combination-20-tablet-otc339645
769,SBL Calcarea Sulphurica Biochemic Tablet 200X,bottle of 25 gm Biochemic Tablet,₹100,₹80,/otc/sbl-calcarea-sulphurica-biochemic-tablet-200x-otc368283
770,Dr Willmar Schwabe India Iris Versicolor Dilution 200 CH,bottle of 30 ml Dilution,₹110,₹81,/otc/dr-willmar-schwabe-india-iris-versicolor-dilution-200-ch-otc404235
771,Bjain Yohimbinum Globules 3X,bottle of 6 gm Globules,₹85,₹57,/otc/bjain-yohimbinum-globules-3x-otc443877
772,Dr Willmar Schwabe India Magnesia Phosphoricum Biochemic Tablet 200X,bottle of 550 gm Biochemic Tablet,₹735,₹640,/otc/dr-willmar-schwabe-india-magnesia-phosphoricum-biochemic-tablet-200x-otc448513
773,ADEL Rhus Tox Dilution 1000,bottle of 10 ml Dilution,₹210,₹188,/otc/adel-rhus-tox-dilution-1000-otc334320
774,Dr. Reckeweg Tarentula Hispanica Dilution 200 CH,bottle of 11 ml Dilution,₹145,₹125,/otc/dr.-reckeweg-tarentula-hispanica-dilution-200-ch-otc331603
775,ADEL Jonesia Ashoka Mother Tincture Q,bottle of 20 ml Mother Tincture,₹300,₹270,/otc/adel-jonesia-ashoka-mother-tincture-q-otc327594
776,ADEL Sedum Acre Mother Tincture Q,bottle of 20 ml Mother Tincture,₹340,₹306,/otc/adel-sedum-acre-mother-tincture-q-otc327306
777,SBL Acidum Sarcolacticum Dilution 30 CH,bottle of 30 ml Dilution,₹95,₹64,/otc/sbl-acidum-sarcolacticum-dilution-30-ch-otc350617
778,Bakson's Cantharis Ointment,tube of 25 gm Ointment,₹70,₹62,/otc/bakson-s-cantharis-ointment-otc327240
779,SBL Mangifera Indica Dilution 30 CH,bottle of 30 ml Dilution,₹95,₹78,/otc/sbl-mangifera-indica-dilution-30-ch-otc354500
780,SBL Lycopodium Clavatum 0/3 LM,bottle of 20 gm Globules,₹175,₹157,/otc/sbl-lycopodium-clavatum-0-3-lm-otc365596
781,Dr Batra's Hair Fall Control Serum,pump bottle of 125 ml Serum,₹699,₹524,/otc/dr-batra-s-hair-fall-control-serum-otc375462
782,Bjain Strophanthus Hispidus Mother Tincture Q,bottle of 100 ml Mother Tincture,₹1380,₹1173,/otc/bjain-strophanthus-hispidus-mother-tincture-q-otc445611
783,Bhandari Bach Flower Beech 30,bottle of 30 ml Dilution,₹110,₹82,/otc/bhandari-bach-flower-beech-30-otc386866
784,Bjain Cuprum Metallicum Dilution 6 CH,bottle of 12 ml Dilution,₹55,₹49,/otc/bjain-cuprum-metallicum-dilution-6-ch-otc713005
785,Dr Batra's Hair Oil Enriched with Jojoba,bottle of 100 ml Oil,₹135,₹84,/otc/dr-batra-s-hair-oil-enriched-with-jojoba-otc328897
786,Bakson's Kof Aid Cough Syrup Sugar Free,bottle of 450 ml Syrup,₹225,₹191,/otc/bakson-s-kof-aid-cough-syrup-sugar-free-otc659103
787,ADEL Ruta Graveolens Mother Tincture Q,bottle of 20 ml Mother Tincture,₹270,₹243,/otc/adel-ruta-graveolens-mother-tincture-q-otc328776
788,Bakson's Alfavena Malt,jar of 300 gm Powder,₹265,₹231,/otc/bakson-s-alfavena-malt-otc624159
789,Dr Willmar Schwabe India Bio-Combination 04 (BC 04) Tablet,bottle of 550 gm Biocombination Tablet,₹735,₹640,/otc/dr-willmar-schwabe-india-bio-combination-04-bc-04-tablet-otc448533
790,SBL Sulphur 0/5 LM,bottle of 20 gm Globules,₹175,₹157,/otc/sbl-sulphur-0-5-lm-otc363121
791,ADEL Phytolacca Berry Tablet,bottle of 20 gm Tablet,₹280,₹252,/otc/adel-phytolacca-berry-tablet-otc325891
792,ADEL Gelsemium Mother Tincture Q,bottle of 20 ml Mother Tincture,₹300,₹270,/otc/adel-gelsemium-mother-tincture-q-otc327672
793,Dr. Reckeweg Copaiva Off Dilution 30 CH,bottle of 11 ml Dilution,₹135,₹117,/otc/dr.-reckeweg-copaiva-off-dilution-30-ch-otc326810
794,ADEL Sabina Mother Tincture Q,bottle of 20 ml Mother Tincture,₹300,₹270,/otc/adel-sabina-mother-tincture-q-otc328827
795,Dr. Reckeweg Petroselinum Sativum Dilution 30 CH,bottle of 11 ml Dilution,₹135,₹118,/otc/dr.-reckeweg-petroselinum-sativum-dilution-30-ch-otc326492
796,ADEL Bio-Combination 25 Tablet,bottle of 20 gm Biocombination Tablet,₹180,₹162,/otc/adel-bio-combination-25-tablet-otc339650
797,ADEL Aconite Nap.  Dilution CM,bottle of 10 ml Dilution,₹290,₹261,/otc/adel-aconite-nap.-dilution-cm-otc763765
798,SBL Natrum Phosphoricum Biochemic Tablet 200X,bottle of 25 gm Biochemic Tablet,₹100,₹81,/otc/sbl-natrum-phosphoricum-biochemic-tablet-200x-otc368301
799,Wheezal WL06 Cervical Spondylitis (Mild) Drop,bottle of 30 ml Drop,₹170,₹148,/otc/wheezal-wl06-cervical-spondylitis-mild-drop-otc387862
